"LOCATION","INDICATOR","SUBJECT","MEASURE","FREQUENCY","TIME","Value","Flag Codes"
"AUS","POP","TOT","MLN_PER","A","1992",17.478635,
"AUS","POP","TOT","MLN_PER","A","1993",17.634808,
"AUS","POP","TOT","MLN_PER","A","1994",17.805468,
"AUS","POP","TOT","MLN_PER","A","1995",18.004882,
"AUS","POP","TOT","MLN_PER","A","1996",18.224767,
"AUS","POP","TOT","MLN_PER","A","1997",18.423037,
"AUS","POP","TOT","MLN_PER","A","1998",18.607584,
"AUS","POP","TOT","MLN_PER","A","1999",18.812264,
"AUS","POP","TOT","MLN_PER","A","2000",19.028802,
"AUS","POP","TOT","MLN_PER","A","2001",19.274701,
"AUS","POP","TOT","MLN_PER","A","2002",19.49521,
"AUS","POP","TOT","MLN_PER","A","2003",19.720737,
"AUS","POP","TOT","MLN_PER","A","2004",19.932722,
"AUS","POP","TOT","MLN_PER","A","2005",20.176844,
"AUS","POP","TOT","MLN_PER","A","2006",20.450966,
"AUS","POP","TOT","MLN_PER","A","2007",20.827622,
"AUS","POP","TOT","MLN_PER","A","2008",21.249199,
"AUS","POP","TOT","MLN_PER","A","2009",21.691653,
"AUS","POP","TOT","MLN_PER","A","2010",22.03175,
"AUS","POP","TOT","MLN_PER","A","2011",22.340024,
"AUS","POP","TOT","MLN_PER","A","2012",22.733465,
"AUS","POP","TOT","MLN_PER","A","2013",23.128129,
"AUS","POP","TOT","MLN_PER","A","2014",23.475686,
"AUS","POP","TOT","MLN_PER","A","2015",23.815995,
"AUS","POP","TOT","MLN_PER","A","2016",24.190907,
"AUS","POP","TOT","MLN_PER","A","2017",24.60186,
"AUS","POP","TOT","MLN_PER","A","2018",24.982688,
"AUS","POP","TOT","MLN_PER","A","2019",25.365745,
"AUS","POP","TOT","MLN_PER","A","2020",25.693267,
"AUS","POP","TOT","MLN_PER","A","2021",25.738142,
"AUT","POP","TOT","MLN_PER","A","1992",7.840709,
"AUT","POP","TOT","MLN_PER","A","1993",7.905632,
"AUT","POP","TOT","MLN_PER","A","1994",7.936118,
"AUT","POP","TOT","MLN_PER","A","1995",7.948278,
"AUT","POP","TOT","MLN_PER","A","1996",7.959016,
"AUT","POP","TOT","MLN_PER","A","1997",7.968041,
"AUT","POP","TOT","MLN_PER","A","1998",7.976789,
"AUT","POP","TOT","MLN_PER","A","1999",7.992323,
"AUT","POP","TOT","MLN_PER","A","2000",8.011566,
"AUT","POP","TOT","MLN_PER","A","2001",8.042293,
"AUT","POP","TOT","MLN_PER","A","2002",8.082121,
"AUT","POP","TOT","MLN_PER","A","2003",8.118245,
"AUT","POP","TOT","MLN_PER","A","2004",8.169441,
"AUT","POP","TOT","MLN_PER","A","2005",8.225278,
"AUT","POP","TOT","MLN_PER","A","2006",8.267948,
"AUT","POP","TOT","MLN_PER","A","2007",8.295189,
"AUT","POP","TOT","MLN_PER","A","2008",8.321541,
"AUT","POP","TOT","MLN_PER","A","2009",8.341483,
"AUT","POP","TOT","MLN_PER","A","2010",8.361069,
"AUT","POP","TOT","MLN_PER","A","2011",8.388534,
"AUT","POP","TOT","MLN_PER","A","2012",8.426311,
"AUT","POP","TOT","MLN_PER","A","2013",8.47723,
"AUT","POP","TOT","MLN_PER","A","2014",8.543932,
"AUT","POP","TOT","MLN_PER","A","2015",8.629519,
"AUT","POP","TOT","MLN_PER","A","2016",8.739806,
"AUT","POP","TOT","MLN_PER","A","2017",8.795073,
"AUT","POP","TOT","MLN_PER","A","2018",8.837707,
"AUT","POP","TOT","MLN_PER","A","2019",8.877637,
"AUT","POP","TOT","MLN_PER","A","2020",8.916845,
"AUT","POP","TOT","MLN_PER","A","2021",8.95152,
"BEL","POP","TOT","MLN_PER","A","1992",10.045165,
"BEL","POP","TOT","MLN_PER","A","1993",10.084479,
"BEL","POP","TOT","MLN_PER","A","1994",10.115601,
"BEL","POP","TOT","MLN_PER","A","1995",10.136814,
"BEL","POP","TOT","MLN_PER","A","1996",10.156641,
"BEL","POP","TOT","MLN_PER","A","1997",10.181246,
"BEL","POP","TOT","MLN_PER","A","1998",10.203012,
"BEL","POP","TOT","MLN_PER","A","1999",10.226419,
"BEL","POP","TOT","MLN_PER","A","2000",10.251251,
"BEL","POP","TOT","MLN_PER","A","2001",10.286571,
"BEL","POP","TOT","MLN_PER","A","2002",10.332786,
"BEL","POP","TOT","MLN_PER","A","2003",10.376131,
"BEL","POP","TOT","MLN_PER","A","2004",10.421136,
"BEL","POP","TOT","MLN_PER","A","2005",10.47862,
"BEL","POP","TOT","MLN_PER","A","2006",10.547956,
"BEL","POP","TOT","MLN_PER","A","2007",10.624835,
"BEL","POP","TOT","MLN_PER","A","2008",10.709108,
"BEL","POP","TOT","MLN_PER","A","2009",10.796498,
"BEL","POP","TOT","MLN_PER","A","2010",10.895591,
"BEL","POP","TOT","MLN_PER","A","2011",10.993609,
"BEL","POP","TOT","MLN_PER","A","2012",11.067748,
"BEL","POP","TOT","MLN_PER","A","2013",11.125033,
"BEL","POP","TOT","MLN_PER","A","2014",11.179778,
"BEL","POP","TOT","MLN_PER","A","2015",11.238474,
"BEL","POP","TOT","MLN_PER","A","2016",11.295003,
"BEL","POP","TOT","MLN_PER","A","2017",11.349081,
"BEL","POP","TOT","MLN_PER","A","2018",11.40374,
"BEL","POP","TOT","MLN_PER","A","2019",11.462023,
"BEL","POP","TOT","MLN_PER","A","2020",11.506938,
"BEL","POP","TOT","MLN_PER","A","2021",11.552615,
"CAN","POP","TOT","MLN_PER","A","1992",28.371264,
"CAN","POP","TOT","MLN_PER","A","1993",28.684764,
"CAN","POP","TOT","MLN_PER","A","1994",29.000663,
"CAN","POP","TOT","MLN_PER","A","1995",29.302311,
"CAN","POP","TOT","MLN_PER","A","1996",29.610218,
"CAN","POP","TOT","MLN_PER","A","1997",29.905948,
"CAN","POP","TOT","MLN_PER","A","1998",30.155173,
"CAN","POP","TOT","MLN_PER","A","1999",30.401286,
"CAN","POP","TOT","MLN_PER","A","2000",30.68573,
"CAN","POP","TOT","MLN_PER","A","2001",31.020902,
"CAN","POP","TOT","MLN_PER","A","2002",31.360079,
"CAN","POP","TOT","MLN_PER","A","2003",31.644028,
"CAN","POP","TOT","MLN_PER","A","2004",31.940655,
"CAN","POP","TOT","MLN_PER","A","2005",32.243753,
"CAN","POP","TOT","MLN_PER","A","2006",32.571174,
"CAN","POP","TOT","MLN_PER","A","2007",32.889025,
"CAN","POP","TOT","MLN_PER","A","2008",33.247118,
"CAN","POP","TOT","MLN_PER","A","2009",33.628895,
"CAN","POP","TOT","MLN_PER","A","2010",34.004889,
"CAN","POP","TOT","MLN_PER","A","2011",34.339328,
"CAN","POP","TOT","MLN_PER","A","2012",34.714222,
"CAN","POP","TOT","MLN_PER","A","2013",35.082954,
"CAN","POP","TOT","MLN_PER","A","2014",35.437435,
"CAN","POP","TOT","MLN_PER","A","2015",35.702908,
"CAN","POP","TOT","MLN_PER","A","2016",36.109487,
"CAN","POP","TOT","MLN_PER","A","2017",36.545236,
"CAN","POP","TOT","MLN_PER","A","2018",37.065084,
"CAN","POP","TOT","MLN_PER","A","2019",37.60123,
"CAN","POP","TOT","MLN_PER","A","2020",38.037204,
"CAN","POP","TOT","MLN_PER","A","2021",38.246108,
"CZE","POP","TOT","MLN_PER","A","1992",10.317807,
"CZE","POP","TOT","MLN_PER","A","1993",10.330607,
"CZE","POP","TOT","MLN_PER","A","1994",10.336162,
"CZE","POP","TOT","MLN_PER","A","1995",10.330759,
"CZE","POP","TOT","MLN_PER","A","1996",10.315353,
"CZE","POP","TOT","MLN_PER","A","1997",10.303642,
"CZE","POP","TOT","MLN_PER","A","1998",10.294943,
"CZE","POP","TOT","MLN_PER","A","1999",10.282784,
"CZE","POP","TOT","MLN_PER","A","2000",10.272503,
"CZE","POP","TOT","MLN_PER","A","2001",10.224192,
"CZE","POP","TOT","MLN_PER","A","2002",10.200774,
"CZE","POP","TOT","MLN_PER","A","2003",10.201651,
"CZE","POP","TOT","MLN_PER","A","2004",10.206923,
"CZE","POP","TOT","MLN_PER","A","2005",10.234092,
"CZE","POP","TOT","MLN_PER","A","2006",10.266646,
"CZE","POP","TOT","MLN_PER","A","2007",10.322689,
"CZE","POP","TOT","MLN_PER","A","2008",10.429692,
"CZE","POP","TOT","MLN_PER","A","2009",10.491492,
"CZE","POP","TOT","MLN_PER","A","2010",10.517247,
"CZE","POP","TOT","MLN_PER","A","2011",10.496672,
"CZE","POP","TOT","MLN_PER","A","2012",10.509286,
"CZE","POP","TOT","MLN_PER","A","2013",10.510719,
"CZE","POP","TOT","MLN_PER","A","2014",10.524783,
"CZE","POP","TOT","MLN_PER","A","2015",10.542942,
"CZE","POP","TOT","MLN_PER","A","2016",10.565284,
"CZE","POP","TOT","MLN_PER","A","2017",10.589526,
"CZE","POP","TOT","MLN_PER","A","2018",10.62643,
"CZE","POP","TOT","MLN_PER","A","2019",10.669324,
"CZE","POP","TOT","MLN_PER","A","2020",10.700155,
"CZE","POP","TOT","MLN_PER","A","2021",10.50085,
"DNK","POP","TOT","MLN_PER","A","1992",5.17137,
"DNK","POP","TOT","MLN_PER","A","1993",5.189377,
"DNK","POP","TOT","MLN_PER","A","1994",5.204994,
"DNK","POP","TOT","MLN_PER","A","1995",5.227861,
"DNK","POP","TOT","MLN_PER","A","1996",5.261503,
"DNK","POP","TOT","MLN_PER","A","1997",5.28422,
"DNK","POP","TOT","MLN_PER","A","1998",5.301304,
"DNK","POP","TOT","MLN_PER","A","1999",5.319111,
"DNK","POP","TOT","MLN_PER","A","2000",5.337344,
"DNK","POP","TOT","MLN_PER","A","2001",5.355082,
"DNK","POP","TOT","MLN_PER","A","2002",5.374255,
"DNK","POP","TOT","MLN_PER","A","2003",5.387174,
"DNK","POP","TOT","MLN_PER","A","2004",5.401177,
"DNK","POP","TOT","MLN_PER","A","2005",5.415978,
"DNK","POP","TOT","MLN_PER","A","2006",5.434567,
"DNK","POP","TOT","MLN_PER","A","2007",5.457415,
"DNK","POP","TOT","MLN_PER","A","2008",5.489022,
"DNK","POP","TOT","MLN_PER","A","2009",5.519441,
"DNK","POP","TOT","MLN_PER","A","2010",5.543819,
"DNK","POP","TOT","MLN_PER","A","2011",5.566856,
"DNK","POP","TOT","MLN_PER","A","2012",5.587085,
"DNK","POP","TOT","MLN_PER","A","2013",5.608784,
"DNK","POP","TOT","MLN_PER","A","2014",5.639719,
"DNK","POP","TOT","MLN_PER","A","2015",5.678348,
"DNK","POP","TOT","MLN_PER","A","2016",5.724456,
"DNK","POP","TOT","MLN_PER","A","2017",5.760694,
"DNK","POP","TOT","MLN_PER","A","2018",5.789957,
"DNK","POP","TOT","MLN_PER","A","2019",5.814461,
"DNK","POP","TOT","MLN_PER","A","2020",5.825337,
"DNK","POP","TOT","MLN_PER","A","2021",5.850189,
"FIN","POP","TOT","MLN_PER","A","1992",5.04199,
"FIN","POP","TOT","MLN_PER","A","1993",5.066452,
"FIN","POP","TOT","MLN_PER","A","1994",5.088324,
"FIN","POP","TOT","MLN_PER","A","1995",5.107787,
"FIN","POP","TOT","MLN_PER","A","1996",5.124573,
"FIN","POP","TOT","MLN_PER","A","1997",5.139839,
"FIN","POP","TOT","MLN_PER","A","1998",5.153499,
"FIN","POP","TOT","MLN_PER","A","1999",5.16547,
"FIN","POP","TOT","MLN_PER","A","2000",5.176203,
"FIN","POP","TOT","MLN_PER","A","2001",5.188005,
"FIN","POP","TOT","MLN_PER","A","2002",5.200598,
"FIN","POP","TOT","MLN_PER","A","2003",5.21301,
"FIN","POP","TOT","MLN_PER","A","2004",5.228173,
"FIN","POP","TOT","MLN_PER","A","2005",5.2461,
"FIN","POP","TOT","MLN_PER","A","2006",5.266266,
"FIN","POP","TOT","MLN_PER","A","2007",5.288719,
"FIN","POP","TOT","MLN_PER","A","2008",5.313398,
"FIN","POP","TOT","MLN_PER","A","2009",5.338867,
"FIN","POP","TOT","MLN_PER","A","2010",5.363341,
"FIN","POP","TOT","MLN_PER","A","2011",5.388272,
"FIN","POP","TOT","MLN_PER","A","2012",5.413967,
"FIN","POP","TOT","MLN_PER","A","2013",5.438975,
"FIN","POP","TOT","MLN_PER","A","2014",5.461507,
"FIN","POP","TOT","MLN_PER","A","2015",5.479528,
"FIN","POP","TOT","MLN_PER","A","2016",5.495297,
"FIN","POP","TOT","MLN_PER","A","2017",5.508209,
"FIN","POP","TOT","MLN_PER","A","2018",5.515525,
"FIN","POP","TOT","MLN_PER","A","2019",5.521605,
"FIN","POP","TOT","MLN_PER","A","2020",5.529545,
"FIN","POP","TOT","MLN_PER","A","2021",5.54102,
"FRA","POP","TOT","MLN_PER","A","1992",58.711615,
"FRA","POP","TOT","MLN_PER","A","1993",58.961049,
"FRA","POP","TOT","MLN_PER","A","1994",59.175335,
"FRA","POP","TOT","MLN_PER","A","1995",59.383991,
"FRA","POP","TOT","MLN_PER","A","1996",59.589289,
"FRA","POP","TOT","MLN_PER","A","1997",59.795263,
"FRA","POP","TOT","MLN_PER","A","1998",60.011008,
"FRA","POP","TOT","MLN_PER","A","1999",60.315406,
"FRA","POP","TOT","MLN_PER","A","2000",60.72478,
"FRA","POP","TOT","MLN_PER","A","2001",61.163237,
"FRA","POP","TOT","MLN_PER","A","2002",61.60455,
"FRA","POP","TOT","MLN_PER","A","2003",62.037544,
"FRA","POP","TOT","MLN_PER","A","2004",62.4908,
"FRA","POP","TOT","MLN_PER","A","2005",62.958328,
"FRA","POP","TOT","MLN_PER","A","2006",63.393406,
"FRA","POP","TOT","MLN_PER","A","2007",63.781275,
"FRA","POP","TOT","MLN_PER","A","2008",64.133174,
"FRA","POP","TOT","MLN_PER","A","2009",64.458715,
"FRA","POP","TOT","MLN_PER","A","2010",64.773169,
"FRA","POP","TOT","MLN_PER","A","2011",65.087317,
"FRA","POP","TOT","MLN_PER","A","2012",65.402998,
"FRA","POP","TOT","MLN_PER","A","2013",65.735961,
"FRA","POP","TOT","MLN_PER","A","2014",66.276671,
"FRA","POP","TOT","MLN_PER","A","2015",66.512558,
"FRA","POP","TOT","MLN_PER","A","2016",66.688563,
"FRA","POP","TOT","MLN_PER","A","2017",66.883314,
"FRA","POP","TOT","MLN_PER","A","2018",67.125071,
"FRA","POP","TOT","MLN_PER","A","2019",67.35605,
"FRA","POP","TOT","MLN_PER","A","2020",67.540257,
"FRA","POP","TOT","MLN_PER","A","2021",67.719897,
"DEU","POP","TOT","MLN_PER","A","1992",80.624601,
"DEU","POP","TOT","MLN_PER","A","1993",81.156368,
"DEU","POP","TOT","MLN_PER","A","1994",81.438346,
"DEU","POP","TOT","MLN_PER","A","1995",81.678046,
"DEU","POP","TOT","MLN_PER","A","1996",81.914834,
"DEU","POP","TOT","MLN_PER","A","1997",82.034775,
"DEU","POP","TOT","MLN_PER","A","1998",82.047197,
"DEU","POP","TOT","MLN_PER","A","1999",82.100243,
"DEU","POP","TOT","MLN_PER","A","2000",82.211501,
"DEU","POP","TOT","MLN_PER","A","2001",82.349926,
"DEU","POP","TOT","MLN_PER","A","2002",82.488493,
"DEU","POP","TOT","MLN_PER","A","2003",82.534175,
"DEU","POP","TOT","MLN_PER","A","2004",82.516268,
"DEU","POP","TOT","MLN_PER","A","2005",82.469421,
"DEU","POP","TOT","MLN_PER","A","2006",82.376447,
"DEU","POP","TOT","MLN_PER","A","2007",82.266373,
"DEU","POP","TOT","MLN_PER","A","2008",82.110097,
"DEU","POP","TOT","MLN_PER","A","2009",81.902308,
"DEU","POP","TOT","MLN_PER","A","2010",81.776936,
"DEU","POP","TOT","MLN_PER","A","2011",80.274981,
"DEU","POP","TOT","MLN_PER","A","2012",80.425826,
"DEU","POP","TOT","MLN_PER","A","2013",80.645605,
"DEU","POP","TOT","MLN_PER","A","2014",80.982495,
"DEU","POP","TOT","MLN_PER","A","2015",81.686608,
"DEU","POP","TOT","MLN_PER","A","2016",82.348669,
"DEU","POP","TOT","MLN_PER","A","2017",82.657,
"DEU","POP","TOT","MLN_PER","A","2018",82.905788,
"DEU","POP","TOT","MLN_PER","A","2019",83.092958,
"DEU","POP","TOT","MLN_PER","A","2020",83.160874,
"DEU","POP","TOT","MLN_PER","A","2021",83.196074,
"GRC","POP","TOT","MLN_PER","A","1992",10.399058,
"GRC","POP","TOT","MLN_PER","A","1993",10.460409,
"GRC","POP","TOT","MLN_PER","A","1994",10.512924,
"GRC","POP","TOT","MLN_PER","A","1995",10.56216,
"GRC","POP","TOT","MLN_PER","A","1996",10.608801,
"GRC","POP","TOT","MLN_PER","A","1997",10.661264,
"GRC","POP","TOT","MLN_PER","A","1998",10.720507,
"GRC","POP","TOT","MLN_PER","A","1999",10.761698,
"GRC","POP","TOT","MLN_PER","A","2000",10.805806,
"GRC","POP","TOT","MLN_PER","A","2001",10.862129,
"GRC","POP","TOT","MLN_PER","A","2002",10.902022,
"GRC","POP","TOT","MLN_PER","A","2003",10.928072,
"GRC","POP","TOT","MLN_PER","A","2004",10.955142,
"GRC","POP","TOT","MLN_PER","A","2005",10.987316,
"GRC","POP","TOT","MLN_PER","A","2006",11.020366,
"GRC","POP","TOT","MLN_PER","A","2007",11.048466,
"GRC","POP","TOT","MLN_PER","A","2008",11.077839,
"GRC","POP","TOT","MLN_PER","A","2009",11.107017,
"GRC","POP","TOT","MLN_PER","A","2010",11.121344,
"GRC","POP","TOT","MLN_PER","A","2011",11.1049,
"GRC","POP","TOT","MLN_PER","A","2012",11.04501,
"GRC","POP","TOT","MLN_PER","A","2013",10.965209,
"GRC","POP","TOT","MLN_PER","A","2014",10.892415,
"GRC","POP","TOT","MLN_PER","A","2015",10.820883,
"GRC","POP","TOT","MLN_PER","A","2016",10.775966,
"GRC","POP","TOT","MLN_PER","A","2017",10.754679,
"GRC","POP","TOT","MLN_PER","A","2018",10.732877,
"GRC","POP","TOT","MLN_PER","A","2019",10.721584,
"GRC","POP","TOT","MLN_PER","A","2020",10.698597,
"GRC","POP","TOT","MLN_PER","A","2021",10.656962,
"HUN","POP","TOT","MLN_PER","A","1992",10.369339,
"HUN","POP","TOT","MLN_PER","A","1993",10.357518,
"HUN","POP","TOT","MLN_PER","A","1994",10.343359,
"HUN","POP","TOT","MLN_PER","A","1995",10.328967,
"HUN","POP","TOT","MLN_PER","A","1996",10.311235,
"HUN","POP","TOT","MLN_PER","A","1997",10.290475,
"HUN","POP","TOT","MLN_PER","A","1998",10.266571,
"HUN","POP","TOT","MLN_PER","A","1999",10.237527,
"HUN","POP","TOT","MLN_PER","A","2000",10.210965,
"HUN","POP","TOT","MLN_PER","A","2001",10.187578,
"HUN","POP","TOT","MLN_PER","A","2002",10.15861,
"HUN","POP","TOT","MLN_PER","A","2003",10.129554,
"HUN","POP","TOT","MLN_PER","A","2004",10.10714,
"HUN","POP","TOT","MLN_PER","A","2005",10.087064,
"HUN","POP","TOT","MLN_PER","A","2006",10.071374,
"HUN","POP","TOT","MLN_PER","A","2007",10.055778,
"HUN","POP","TOT","MLN_PER","A","2008",10.038186,
"HUN","POP","TOT","MLN_PER","A","2009",10.022647,
"HUN","POP","TOT","MLN_PER","A","2010",10.00002,
"HUN","POP","TOT","MLN_PER","A","2011",9.958824,
"HUN","POP","TOT","MLN_PER","A","2012",9.920364,
"HUN","POP","TOT","MLN_PER","A","2013",9.893083,
"HUN","POP","TOT","MLN_PER","A","2014",9.866466,
"HUN","POP","TOT","MLN_PER","A","2015",9.843025,
"HUN","POP","TOT","MLN_PER","A","2016",9.814026,
"HUN","POP","TOT","MLN_PER","A","2017",9.787969,
"HUN","POP","TOT","MLN_PER","A","2018",9.775566,
"HUN","POP","TOT","MLN_PER","A","2019",9.771142,
"HUN","POP","TOT","MLN_PER","A","2020",9.750153,
"HUN","POP","TOT","MLN_PER","A","2021",9.709893,
"ISL","POP","TOT","MLN_PER","A","1992",0.261053,
"ISL","POP","TOT","MLN_PER","A","1993",0.26373,
"ISL","POP","TOT","MLN_PER","A","1994",0.266021,
"ISL","POP","TOT","MLN_PER","A","1995",0.267467,
"ISL","POP","TOT","MLN_PER","A","1996",0.268918,
"ISL","POP","TOT","MLN_PER","A","1997",0.27113,
"ISL","POP","TOT","MLN_PER","A","1998",0.274049,
"ISL","POP","TOT","MLN_PER","A","1999",0.277384,
"ISL","POP","TOT","MLN_PER","A","2000",0.2812,
"ISL","POP","TOT","MLN_PER","A","2001",0.28497,
"ISL","POP","TOT","MLN_PER","A","2002",0.287516,
"ISL","POP","TOT","MLN_PER","A","2003",0.289522,
"ISL","POP","TOT","MLN_PER","A","2004",0.292077,
"ISL","POP","TOT","MLN_PER","A","2005",0.296734,
"ISL","POP","TOT","MLN_PER","A","2006",0.303784,
"ISL","POP","TOT","MLN_PER","A","2007",0.311567,
"ISL","POP","TOT","MLN_PER","A","2008",0.317404,
"ISL","POP","TOT","MLN_PER","A","2009",0.318501,
"ISL","POP","TOT","MLN_PER","A","2010",0.318044,
"ISL","POP","TOT","MLN_PER","A","2011",0.319011,
"ISL","POP","TOT","MLN_PER","A","2012",0.320723,
"ISL","POP","TOT","MLN_PER","A","2013",0.323763,
"ISL","POP","TOT","MLN_PER","A","2014",0.327379,
"ISL","POP","TOT","MLN_PER","A","2015",0.330818,
"ISL","POP","TOT","MLN_PER","A","2016",0.335435,
"ISL","POP","TOT","MLN_PER","A","2017",0.343399,
"ISL","POP","TOT","MLN_PER","A","2018",0.352722,
"ISL","POP","TOT","MLN_PER","A","2019",0.360558,
"ISL","POP","TOT","MLN_PER","A","2020",0.366462,
"ISL","POP","TOT","MLN_PER","A","2021",0.372523,
"IRL","POP","TOT","MLN_PER","A","1992",3.5545,
"IRL","POP","TOT","MLN_PER","A","1993",3.5741,
"IRL","POP","TOT","MLN_PER","A","1994",3.5859,
"IRL","POP","TOT","MLN_PER","A","1995",3.6013,
"IRL","POP","TOT","MLN_PER","A","1996",3.626087,
"IRL","POP","TOT","MLN_PER","A","1997",3.664313,
"IRL","POP","TOT","MLN_PER","A","1998",3.703082,
"IRL","POP","TOT","MLN_PER","A","1999",3.741647,
"IRL","POP","TOT","MLN_PER","A","2000",3.789536,
"IRL","POP","TOT","MLN_PER","A","2001",3.847198,
"IRL","POP","TOT","MLN_PER","A","2002",3.917203,
"IRL","POP","TOT","MLN_PER","A","2003",3.979853,
"IRL","POP","TOT","MLN_PER","A","2004",4.045188,
"IRL","POP","TOT","MLN_PER","A","2005",4.133839,
"IRL","POP","TOT","MLN_PER","A","2006",4.232929,
"IRL","POP","TOT","MLN_PER","A","2007",4.375842,
"IRL","POP","TOT","MLN_PER","A","2008",4.48507,
"IRL","POP","TOT","MLN_PER","A","2009",4.533395,
"IRL","POP","TOT","MLN_PER","A","2010",4.554763,
"IRL","POP","TOT","MLN_PER","A","2011",4.574888,
"IRL","POP","TOT","MLN_PER","A","2012",4.593697,
"IRL","POP","TOT","MLN_PER","A","2013",4.614669,
"IRL","POP","TOT","MLN_PER","A","2014",4.64544,
"IRL","POP","TOT","MLN_PER","A","2015",4.687787,
"IRL","POP","TOT","MLN_PER","A","2016",4.739597,
"IRL","POP","TOT","MLN_PER","A","2017",4.79249,
"IRL","POP","TOT","MLN_PER","A","2018",4.857015,
"IRL","POP","TOT","MLN_PER","A","2019",4.921496,
"IRL","POP","TOT","MLN_PER","A","2020",4.977443,
"IRL","POP","TOT","MLN_PER","A","2021",5.01146,
"ITA","POP","TOT","MLN_PER","A","1992",56.797078,
"ITA","POP","TOT","MLN_PER","A","1993",56.831823,
"ITA","POP","TOT","MLN_PER","A","1994",56.8434,
"ITA","POP","TOT","MLN_PER","A","1995",56.844301,
"ITA","POP","TOT","MLN_PER","A","1996",56.860279,
"ITA","POP","TOT","MLN_PER","A","1997",56.890371,
"ITA","POP","TOT","MLN_PER","A","1998",56.906744,
"ITA","POP","TOT","MLN_PER","A","1999",56.916316,
"ITA","POP","TOT","MLN_PER","A","2000",56.942108,
"ITA","POP","TOT","MLN_PER","A","2001",56.976976,
"ITA","POP","TOT","MLN_PER","A","2002",57.089823,
"ITA","POP","TOT","MLN_PER","A","2003",57.399187,
"ITA","POP","TOT","MLN_PER","A","2004",57.828178,
"ITA","POP","TOT","MLN_PER","A","2005",58.166684,
"ITA","POP","TOT","MLN_PER","A","2006",58.399863,
"ITA","POP","TOT","MLN_PER","A","2007",58.756247,
"ITA","POP","TOT","MLN_PER","A","2008",59.211183,
"ITA","POP","TOT","MLN_PER","A","2009",59.555456,
"ITA","POP","TOT","MLN_PER","A","2010",59.819402,
"ITA","POP","TOT","MLN_PER","A","2011",60.026844,
"ITA","POP","TOT","MLN_PER","A","2012",60.191243,
"ITA","POP","TOT","MLN_PER","A","2013",60.311616,
"ITA","POP","TOT","MLN_PER","A","2014",60.320708,
"ITA","POP","TOT","MLN_PER","A","2015",60.229599,
"ITA","POP","TOT","MLN_PER","A","2016",60.11522,
"ITA","POP","TOT","MLN_PER","A","2017",60.002254,
"ITA","POP","TOT","MLN_PER","A","2018",59.877216,
"ITA","POP","TOT","MLN_PER","A","2019",59.729077,
"ITA","POP","TOT","MLN_PER","A","2020",59.438845,
"ITA","POP","TOT","MLN_PER","A","2021",59.109666,
"JPN","POP","TOT","MLN_PER","A","1992",124.567,
"JPN","POP","TOT","MLN_PER","A","1993",124.938,
"JPN","POP","TOT","MLN_PER","A","1994",125.265,
"JPN","POP","TOT","MLN_PER","A","1995",125.570246,
"JPN","POP","TOT","MLN_PER","A","1996",125.864,
"JPN","POP","TOT","MLN_PER","A","1997",126.166,
"JPN","POP","TOT","MLN_PER","A","1998",126.486,
"JPN","POP","TOT","MLN_PER","A","1999",126.686,
"JPN","POP","TOT","MLN_PER","A","2000",126.925843,
"JPN","POP","TOT","MLN_PER","A","2001",127.291,
"JPN","POP","TOT","MLN_PER","A","2002",127.435,
"JPN","POP","TOT","MLN_PER","A","2003",127.619,
"JPN","POP","TOT","MLN_PER","A","2004",127.687,
"JPN","POP","TOT","MLN_PER","A","2005",127.767994,
"JPN","POP","TOT","MLN_PER","A","2006",127.900515,
"JPN","POP","TOT","MLN_PER","A","2007",128.032743,
"JPN","POP","TOT","MLN_PER","A","2008",128.08396,
"JPN","POP","TOT","MLN_PER","A","2009",128.031514,
"JPN","POP","TOT","MLN_PER","A","2010",128.057352,
"JPN","POP","TOT","MLN_PER","A","2011",127.834233,
"JPN","POP","TOT","MLN_PER","A","2012",127.592657,
"JPN","POP","TOT","MLN_PER","A","2013",127.413888,
"JPN","POP","TOT","MLN_PER","A","2014",127.23715,
"JPN","POP","TOT","MLN_PER","A","2015",127.094745,
"JPN","POP","TOT","MLN_PER","A","2016",126.932772,
"JPN","POP","TOT","MLN_PER","A","2017",126.70621,
"JPN","POP","TOT","MLN_PER","A","2018",126.44318,
"JPN","POP","TOT","MLN_PER","A","2019",126.166948,
"JPN","POP","TOT","MLN_PER","A","2020",126.146099,
"JPN","POP","TOT","MLN_PER","A","2021",125.50229,
"KOR","POP","TOT","MLN_PER","A","1992",43.747962,
"KOR","POP","TOT","MLN_PER","A","1993",44.194628,
"KOR","POP","TOT","MLN_PER","A","1994",44.64154,
"KOR","POP","TOT","MLN_PER","A","1995",45.092991,
"KOR","POP","TOT","MLN_PER","A","1996",45.524681,
"KOR","POP","TOT","MLN_PER","A","1997",45.95358,
"KOR","POP","TOT","MLN_PER","A","1998",46.286503,
"KOR","POP","TOT","MLN_PER","A","1999",46.616677,
"KOR","POP","TOT","MLN_PER","A","2000",47.008111,
"KOR","POP","TOT","MLN_PER","A","2001",47.370164,
"KOR","POP","TOT","MLN_PER","A","2002",47.644736,
"KOR","POP","TOT","MLN_PER","A","2003",47.89233,
"KOR","POP","TOT","MLN_PER","A","2004",48.082519,
"KOR","POP","TOT","MLN_PER","A","2005",48.184561,
"KOR","POP","TOT","MLN_PER","A","2006",48.438292,
"KOR","POP","TOT","MLN_PER","A","2007",48.683638,
"KOR","POP","TOT","MLN_PER","A","2008",49.054708,
"KOR","POP","TOT","MLN_PER","A","2009",49.307835,
"KOR","POP","TOT","MLN_PER","A","2010",49.554112,
"KOR","POP","TOT","MLN_PER","A","2011",49.936638,
"KOR","POP","TOT","MLN_PER","A","2012",50.199853,
"KOR","POP","TOT","MLN_PER","A","2013",50.428893,
"KOR","POP","TOT","MLN_PER","A","2014",50.746659,
"KOR","POP","TOT","MLN_PER","A","2015",51.014947,
"KOR","POP","TOT","MLN_PER","A","2016",51.217803,
"KOR","POP","TOT","MLN_PER","A","2017",51.361911,
"KOR","POP","TOT","MLN_PER","A","2018",51.585058,
"KOR","POP","TOT","MLN_PER","A","2019",51.764822,
"KOR","POP","TOT","MLN_PER","A","2020",51.836239,
"KOR","POP","TOT","MLN_PER","A","2021",51.744876,
"LUX","POP","TOT","MLN_PER","A","1992",0.392171,
"LUX","POP","TOT","MLN_PER","A","1993",0.397481,
"LUX","POP","TOT","MLN_PER","A","1994",0.402921,
"LUX","POP","TOT","MLN_PER","A","1995",0.408625,
"LUX","POP","TOT","MLN_PER","A","1996",0.414228,
"LUX","POP","TOT","MLN_PER","A","1997",0.41944,
"LUX","POP","TOT","MLN_PER","A","1998",0.424699,
"LUX","POP","TOT","MLN_PER","A","1999",0.430475,
"LUX","POP","TOT","MLN_PER","A","2000",0.436303,
"LUX","POP","TOT","MLN_PER","A","2001",0.441522,
"LUX","POP","TOT","MLN_PER","A","2002",0.446166,
"LUX","POP","TOT","MLN_PER","A","2003",0.451626,
"LUX","POP","TOT","MLN_PER","A","2004",0.458098,
"LUX","POP","TOT","MLN_PER","A","2005",0.465152,
"LUX","POP","TOT","MLN_PER","A","2006",0.472641,
"LUX","POP","TOT","MLN_PER","A","2007",0.479992,
"LUX","POP","TOT","MLN_PER","A","2008",0.488647,
"LUX","POP","TOT","MLN_PER","A","2009",0.497783,
"LUX","POP","TOT","MLN_PER","A","2010",0.506953,
"LUX","POP","TOT","MLN_PER","A","2011",0.518351,
"LUX","POP","TOT","MLN_PER","A","2012",0.530952,
"LUX","POP","TOT","MLN_PER","A","2013",0.543358,
"LUX","POP","TOT","MLN_PER","A","2014",0.556322,
"LUX","POP","TOT","MLN_PER","A","2015",0.569605,
"LUX","POP","TOT","MLN_PER","A","2016",0.583459,
"LUX","POP","TOT","MLN_PER","A","2017",0.596337,
"LUX","POP","TOT","MLN_PER","A","2018",0.60795,
"LUX","POP","TOT","MLN_PER","A","2019",0.620003,
"LUX","POP","TOT","MLN_PER","A","2020",0.630413,
"LUX","POP","TOT","MLN_PER","A","2021",0.640064,
"MEX","POP","TOT","MLN_PER","A","1992",87.312337,
"MEX","POP","TOT","MLN_PER","A","1993",88.850856,
"MEX","POP","TOT","MLN_PER","A","1994",90.362709,
"MEX","POP","TOT","MLN_PER","A","1995",91.843905,
"MEX","POP","TOT","MLN_PER","A","1996",93.294783,
"MEX","POP","TOT","MLN_PER","A","1997",94.720541,
"MEX","POP","TOT","MLN_PER","A","1998",96.11696,
"MEX","POP","TOT","MLN_PER","A","1999",97.482584,
"MEX","POP","TOT","MLN_PER","A","2000",98.785275,
"MEX","POP","TOT","MLN_PER","A","2001",100.105299,
"MEX","POP","TOT","MLN_PER","A","2002",101.493987,
"MEX","POP","TOT","MLN_PER","A","2003",102.890474,
"MEX","POP","TOT","MLN_PER","A","2004",104.272444,
"MEX","POP","TOT","MLN_PER","A","2005",105.669369,
"MEX","POP","TOT","MLN_PER","A","2006",107.155391,
"MEX","POP","TOT","MLN_PER","A","2007",108.744845,
"MEX","POP","TOT","MLN_PER","A","2008",110.405454,
"MEX","POP","TOT","MLN_PER","A","2009",112.095388,
"MEX","POP","TOT","MLN_PER","A","2010",113.748671,
"MEX","POP","TOT","MLN_PER","A","2011",115.367452,
"MEX","POP","TOT","MLN_PER","A","2012",116.93567,
"MEX","POP","TOT","MLN_PER","A","2013",118.453929,
"MEX","POP","TOT","MLN_PER","A","2014",119.936411,
"MEX","POP","TOT","MLN_PER","A","2015",121.3478,
"MEX","POP","TOT","MLN_PER","A","2016",122.715165,
"MEX","POP","TOT","MLN_PER","A","2017",124.041731,
"MEX","POP","TOT","MLN_PER","A","2018",125.327797,
"MEX","POP","TOT","MLN_PER","A","2019",126.577691,
"MEX","POP","TOT","MLN_PER","A","2020",127.792286,
"MEX","POP","TOT","MLN_PER","A","2021",128.972439,
"NLD","POP","TOT","MLN_PER","A","1992",15.184163,
"NLD","POP","TOT","MLN_PER","A","1993",15.290368,
"NLD","POP","TOT","MLN_PER","A","1994",15.382834,
"NLD","POP","TOT","MLN_PER","A","1995",15.459004,
"NLD","POP","TOT","MLN_PER","A","1996",15.5305,
"NLD","POP","TOT","MLN_PER","A","1997",15.61065,
"NLD","POP","TOT","MLN_PER","A","1998",15.707205,
"NLD","POP","TOT","MLN_PER","A","1999",15.812085,
"NLD","POP","TOT","MLN_PER","A","2000",15.925505,
"NLD","POP","TOT","MLN_PER","A","2001",16.046182,
"NLD","POP","TOT","MLN_PER","A","2002",16.148921,
"NLD","POP","TOT","MLN_PER","A","2003",16.225303,
"NLD","POP","TOT","MLN_PER","A","2004",16.281777,
"NLD","POP","TOT","MLN_PER","A","2005",16.319871,
"NLD","POP","TOT","MLN_PER","A","2006",16.346096,
"NLD","POP","TOT","MLN_PER","A","2007",16.381696,
"NLD","POP","TOT","MLN_PER","A","2008",16.44559,
"NLD","POP","TOT","MLN_PER","A","2009",16.530387,
"NLD","POP","TOT","MLN_PER","A","2010",16.61539,
"NLD","POP","TOT","MLN_PER","A","2011",16.693074,
"NLD","POP","TOT","MLN_PER","A","2012",16.754963,
"NLD","POP","TOT","MLN_PER","A","2013",16.80443,
"NLD","POP","TOT","MLN_PER","A","2014",16.865008,
"NLD","POP","TOT","MLN_PER","A","2015",16.939925,
"NLD","POP","TOT","MLN_PER","A","2016",17.030314,
"NLD","POP","TOT","MLN_PER","A","2017",17.131295,
"NLD","POP","TOT","MLN_PER","A","2018",17.231622,
"NLD","POP","TOT","MLN_PER","A","2019",17.344876,
"NLD","POP","TOT","MLN_PER","A","2020",17.4415,
"NLD","POP","TOT","MLN_PER","A","2021",17.533406,
"NZL","POP","TOT","MLN_PER","A","1992",3.5317,
"NZL","POP","TOT","MLN_PER","A","1993",3.5722,
"NZL","POP","TOT","MLN_PER","A","1994",3.62,
"NZL","POP","TOT","MLN_PER","A","1995",3.6734,
"NZL","POP","TOT","MLN_PER","A","1996",3.732,
"NZL","POP","TOT","MLN_PER","A","1997",3.7813,
"NZL","POP","TOT","MLN_PER","A","1998",3.815,
"NZL","POP","TOT","MLN_PER","A","1999",3.8351,
"NZL","POP","TOT","MLN_PER","A","2000",3.8577,
"NZL","POP","TOT","MLN_PER","A","2001",3.8805,
"NZL","POP","TOT","MLN_PER","A","2002",3.9485,
"NZL","POP","TOT","MLN_PER","A","2003",4.0272,
"NZL","POP","TOT","MLN_PER","A","2004",4.0875,
"NZL","POP","TOT","MLN_PER","A","2005",4.1339,
"NZL","POP","TOT","MLN_PER","A","2006",4.1846,
"NZL","POP","TOT","MLN_PER","A","2007",4.2238,
"NZL","POP","TOT","MLN_PER","A","2008",4.2598,
"NZL","POP","TOT","MLN_PER","A","2009",4.3026,
"NZL","POP","TOT","MLN_PER","A","2010",4.3507,
"NZL","POP","TOT","MLN_PER","A","2011",4.384,
"NZL","POP","TOT","MLN_PER","A","2012",4.4081,
"NZL","POP","TOT","MLN_PER","A","2013",4.4421,
"NZL","POP","TOT","MLN_PER","A","2014",4.5165,
"NZL","POP","TOT","MLN_PER","A","2015",4.6094,
"NZL","POP","TOT","MLN_PER","A","2016",4.7141,
"NZL","POP","TOT","MLN_PER","A","2017",4.8136,
"NZL","POP","TOT","MLN_PER","A","2018",4.9006,
"NZL","POP","TOT","MLN_PER","A","2019",4.9792,
"NZL","POP","TOT","MLN_PER","A","2020",5.0902,
"NZL","POP","TOT","MLN_PER","A","2021",5.1114,
"NOR","POP","TOT","MLN_PER","A","1992",4.286397,
"NOR","POP","TOT","MLN_PER","A","1993",4.311984,
"NOR","POP","TOT","MLN_PER","A","1994",4.336614,
"NOR","POP","TOT","MLN_PER","A","1995",4.359187,
"NOR","POP","TOT","MLN_PER","A","1996",4.381339,
"NOR","POP","TOT","MLN_PER","A","1997",4.405158,
"NOR","POP","TOT","MLN_PER","A","1998",4.431465,
"NOR","POP","TOT","MLN_PER","A","1999",4.461915,
"NOR","POP","TOT","MLN_PER","A","2000",4.490973,
"NOR","POP","TOT","MLN_PER","A","2001",4.513747,
"NOR","POP","TOT","MLN_PER","A","2002",4.538157,
"NOR","POP","TOT","MLN_PER","A","2003",4.564856,
"NOR","POP","TOT","MLN_PER","A","2004",4.591909,
"NOR","POP","TOT","MLN_PER","A","2005",4.623293,
"NOR","POP","TOT","MLN_PER","A","2006",4.660673,
"NOR","POP","TOT","MLN_PER","A","2007",4.709156,
"NOR","POP","TOT","MLN_PER","A","2008",4.768215,
"NOR","POP","TOT","MLN_PER","A","2009",4.828716,
"NOR","POP","TOT","MLN_PER","A","2010",4.889253,
"NOR","POP","TOT","MLN_PER","A","2011",4.953089,
"NOR","POP","TOT","MLN_PER","A","2012",5.018574,
"NOR","POP","TOT","MLN_PER","A","2013",5.080171,
"NOR","POP","TOT","MLN_PER","A","2014",5.137427,
"NOR","POP","TOT","MLN_PER","A","2015",5.189898,
"NOR","POP","TOT","MLN_PER","A","2016",5.236152,
"NOR","POP","TOT","MLN_PER","A","2017",5.276965,
"NOR","POP","TOT","MLN_PER","A","2018",5.311916,
"NOR","POP","TOT","MLN_PER","A","2019",5.347893,
"NOR","POP","TOT","MLN_PER","A","2020",5.379472,
"NOR","POP","TOT","MLN_PER","A","2021",5.40832,
"POL","POP","TOT","MLN_PER","A","1992",38.1735,
"POL","POP","TOT","MLN_PER","A","1993",38.221,
"POL","POP","TOT","MLN_PER","A","1994",38.252,
"POL","POP","TOT","MLN_PER","A","1995",38.2745,
"POL","POP","TOT","MLN_PER","A","1996",38.289,
"POL","POP","TOT","MLN_PER","A","1997",38.292,
"POL","POP","TOT","MLN_PER","A","1998",38.2835,
"POL","POP","TOT","MLN_PER","A","1999",38.27,
"POL","POP","TOT","MLN_PER","A","2000",38.2584775,
"POL","POP","TOT","MLN_PER","A","2001",38.248076,
"POL","POP","TOT","MLN_PER","A","2002",38.232301,
"POL","POP","TOT","MLN_PER","A","2003",38.195177,
"POL","POP","TOT","MLN_PER","A","2004",38.180249,
"POL","POP","TOT","MLN_PER","A","2005",38.161313,
"POL","POP","TOT","MLN_PER","A","2006",38.132277,
"POL","POP","TOT","MLN_PER","A","2007",38.115967,
"POL","POP","TOT","MLN_PER","A","2008",38.115909,
"POL","POP","TOT","MLN_PER","A","2009",38.153389,
"POL","POP","TOT","MLN_PER","A","2010",38.516689,
"POL","POP","TOT","MLN_PER","A","2011",38.52567,
"POL","POP","TOT","MLN_PER","A","2012",38.533789,
"POL","POP","TOT","MLN_PER","A","2013",38.502396,
"POL","POP","TOT","MLN_PER","A","2014",38.483957,
"POL","POP","TOT","MLN_PER","A","2015",38.454576,
"POL","POP","TOT","MLN_PER","A","2016",38.426809,
"POL","POP","TOT","MLN_PER","A","2017",38.422346,
"POL","POP","TOT","MLN_PER","A","2018",38.413139,
"POL","POP","TOT","MLN_PER","A","2019",38.386476,
"POL","POP","TOT","MLN_PER","A","2020",38.354173,
"POL","POP","TOT","MLN_PER","A","2021",38.162224,
"PRT","POP","TOT","MLN_PER","A","1992",9.9524935,
"PRT","POP","TOT","MLN_PER","A","1993",9.9646745,
"PRT","POP","TOT","MLN_PER","A","1994",9.991525,
"PRT","POP","TOT","MLN_PER","A","1995",10.026176,
"PRT","POP","TOT","MLN_PER","A","1996",10.0639445,
"PRT","POP","TOT","MLN_PER","A","1997",10.108977,
"PRT","POP","TOT","MLN_PER","A","1998",10.160196,
"PRT","POP","TOT","MLN_PER","A","1999",10.217828,
"PRT","POP","TOT","MLN_PER","A","2000",10.289898,
"PRT","POP","TOT","MLN_PER","A","2001",10.3627215,
"PRT","POP","TOT","MLN_PER","A","2002",10.4196305,
"PRT","POP","TOT","MLN_PER","A","2003",10.458821,
"PRT","POP","TOT","MLN_PER","A","2004",10.483861,
"PRT","POP","TOT","MLN_PER","A","2005",10.50333,
"PRT","POP","TOT","MLN_PER","A","2006",10.522288,
"PRT","POP","TOT","MLN_PER","A","2007",10.5429635,
"PRT","POP","TOT","MLN_PER","A","2008",10.5581765,
"PRT","POP","TOT","MLN_PER","A","2009",10.5682465,
"PRT","POP","TOT","MLN_PER","A","2010",10.5731,
"PRT","POP","TOT","MLN_PER","A","2011",10.5575595,
"PRT","POP","TOT","MLN_PER","A","2012",10.5148435,
"PRT","POP","TOT","MLN_PER","A","2013",10.457295,
"PRT","POP","TOT","MLN_PER","A","2014",10.4010615,
"PRT","POP","TOT","MLN_PER","A","2015",10.358076,
"PRT","POP","TOT","MLN_PER","A","2016",10.3254515,
"PRT","POP","TOT","MLN_PER","A","2017",10.3003,
"PRT","POP","TOT","MLN_PER","A","2018",10.283822,
"PRT","POP","TOT","MLN_PER","A","2019",10.286263,
"PRT","POP","TOT","MLN_PER","A","2020",10.2970805,
"PRT","POP","TOT","MLN_PER","A","2021",10.297876,
"SVK","POP","TOT","MLN_PER","A","1992",5.306539,
"SVK","POP","TOT","MLN_PER","A","1993",5.324632,
"SVK","POP","TOT","MLN_PER","A","1994",5.347413,
"SVK","POP","TOT","MLN_PER","A","1995",5.363676,
"SVK","POP","TOT","MLN_PER","A","1996",5.373793,
"SVK","POP","TOT","MLN_PER","A","1997",5.383233,
"SVK","POP","TOT","MLN_PER","A","1998",5.390866,
"SVK","POP","TOT","MLN_PER","A","1999",5.395324,
"SVK","POP","TOT","MLN_PER","A","2000",5.400679,
"SVK","POP","TOT","MLN_PER","A","2001",5.37978,
"SVK","POP","TOT","MLN_PER","A","2002",5.378809,
"SVK","POP","TOT","MLN_PER","A","2003",5.37895,
"SVK","POP","TOT","MLN_PER","A","2004",5.382574,
"SVK","POP","TOT","MLN_PER","A","2005",5.387285,
"SVK","POP","TOT","MLN_PER","A","2006",5.391184,
"SVK","POP","TOT","MLN_PER","A","2007",5.397766,
"SVK","POP","TOT","MLN_PER","A","2008",5.406972,
"SVK","POP","TOT","MLN_PER","A","2009",5.418374,
"SVK","POP","TOT","MLN_PER","A","2010",5.431024,
"SVK","POP","TOT","MLN_PER","A","2011",5.398384,
"SVK","POP","TOT","MLN_PER","A","2012",5.407579,
"SVK","POP","TOT","MLN_PER","A","2013",5.4133925,
"SVK","POP","TOT","MLN_PER","A","2014",5.418649,
"SVK","POP","TOT","MLN_PER","A","2015",5.4238005,
"SVK","POP","TOT","MLN_PER","A","2016",5.4307975,
"SVK","POP","TOT","MLN_PER","A","2017",5.4392315,
"SVK","POP","TOT","MLN_PER","A","2018",5.4467705,
"SVK","POP","TOT","MLN_PER","A","2019",5.454147,
"SVK","POP","TOT","MLN_PER","A","2020",5.458827,
"SVK","POP","TOT","MLN_PER","A","2021",5.441991,
"ESP","POP","TOT","MLN_PER","A","1992",39.14794,
"ESP","POP","TOT","MLN_PER","A","1993",39.356082,
"ESP","POP","TOT","MLN_PER","A","1994",39.547353,
"ESP","POP","TOT","MLN_PER","A","1995",39.718895,
"ESP","POP","TOT","MLN_PER","A","1996",39.884246,
"ESP","POP","TOT","MLN_PER","A","1997",40.049974,
"ESP","POP","TOT","MLN_PER","A","1998",40.214066,
"ESP","POP","TOT","MLN_PER","A","1999",40.369667,
"ESP","POP","TOT","MLN_PER","A","2000",40.554387,
"ESP","POP","TOT","MLN_PER","A","2001",40.766049,
"ESP","POP","TOT","MLN_PER","A","2002",41.42352,
"ESP","POP","TOT","MLN_PER","A","2003",42.196231,
"ESP","POP","TOT","MLN_PER","A","2004",42.859172,
"ESP","POP","TOT","MLN_PER","A","2005",43.662613,
"ESP","POP","TOT","MLN_PER","A","2006",44.360521,
"ESP","POP","TOT","MLN_PER","A","2007",45.236004,
"ESP","POP","TOT","MLN_PER","A","2008",45.983169,
"ESP","POP","TOT","MLN_PER","A","2009",46.36755,
"ESP","POP","TOT","MLN_PER","A","2010",46.562483,
"ESP","POP","TOT","MLN_PER","A","2011",46.736257,
"ESP","POP","TOT","MLN_PER","A","2012",46.766403,
"ESP","POP","TOT","MLN_PER","A","2013",46.593236,
"ESP","POP","TOT","MLN_PER","A","2014",46.455123,
"ESP","POP","TOT","MLN_PER","A","2015",46.410149,
"ESP","POP","TOT","MLN_PER","A","2016",46.449874,
"ESP","POP","TOT","MLN_PER","A","2017",46.532869,
"ESP","POP","TOT","MLN_PER","A","2018",46.728814,
"ESP","POP","TOT","MLN_PER","A","2019",47.105358,
"ESP","POP","TOT","MLN_PER","A","2020",47.355685,
"ESP","POP","TOT","MLN_PER","A","2021",47.331545,
"SWE","POP","TOT","MLN_PER","A","1992",8.668065,
"SWE","POP","TOT","MLN_PER","A","1993",8.718558,
"SWE","POP","TOT","MLN_PER","A","1994",8.780741,
"SWE","POP","TOT","MLN_PER","A","1995",8.826944,
"SWE","POP","TOT","MLN_PER","A","1996",8.840999,
"SWE","POP","TOT","MLN_PER","A","1997",8.846059,
"SWE","POP","TOT","MLN_PER","A","1998",8.850975,
"SWE","POP","TOT","MLN_PER","A","1999",8.857879,
"SWE","POP","TOT","MLN_PER","A","2000",8.872112,
"SWE","POP","TOT","MLN_PER","A","2001",8.895963,
"SWE","POP","TOT","MLN_PER","A","2002",8.92496,
"SWE","POP","TOT","MLN_PER","A","2003",8.958232,
"SWE","POP","TOT","MLN_PER","A","2004",8.993534,
"SWE","POP","TOT","MLN_PER","A","2005",9.029567,
"SWE","POP","TOT","MLN_PER","A","2006",9.080506,
"SWE","POP","TOT","MLN_PER","A","2007",9.148093,
"SWE","POP","TOT","MLN_PER","A","2008",9.219639,
"SWE","POP","TOT","MLN_PER","A","2009",9.298512,
"SWE","POP","TOT","MLN_PER","A","2010",9.378131,
"SWE","POP","TOT","MLN_PER","A","2011",9.449216,
"SWE","POP","TOT","MLN_PER","A","2012",9.519379,
"SWE","POP","TOT","MLN_PER","A","2013",9.600374,
"SWE","POP","TOT","MLN_PER","A","2014",9.696105,
"SWE","POP","TOT","MLN_PER","A","2015",9.799183,
"SWE","POP","TOT","MLN_PER","A","2016",9.923086,
"SWE","POP","TOT","MLN_PER","A","2017",10.057695,
"SWE","POP","TOT","MLN_PER","A","2018",10.175215,
"SWE","POP","TOT","MLN_PER","A","2019",10.278888,
"SWE","POP","TOT","MLN_PER","A","2020",10.353444,
"SWE","POP","TOT","MLN_PER","A","2021",10.415812,
"CHE","POP","TOT","MLN_PER","A","1992",6.875364,
"CHE","POP","TOT","MLN_PER","A","1993",6.938265,
"CHE","POP","TOT","MLN_PER","A","1994",6.993795,
"CHE","POP","TOT","MLN_PER","A","1995",7.040687,
"CHE","POP","TOT","MLN_PER","A","1996",7.071851,
"CHE","POP","TOT","MLN_PER","A","1997",7.088906,
"CHE","POP","TOT","MLN_PER","A","1998",7.110002,
"CHE","POP","TOT","MLN_PER","A","1999",7.143991,
"CHE","POP","TOT","MLN_PER","A","2000",7.18425,
"CHE","POP","TOT","MLN_PER","A","2001",7.226647,
"CHE","POP","TOT","MLN_PER","A","2002",7.284754,
"CHE","POP","TOT","MLN_PER","A","2003",7.339002,
"CHE","POP","TOT","MLN_PER","A","2004",7.389626,
"CHE","POP","TOT","MLN_PER","A","2005",7.437116,
"CHE","POP","TOT","MLN_PER","A","2006",7.483935,
"CHE","POP","TOT","MLN_PER","A","2007",7.551117,
"CHE","POP","TOT","MLN_PER","A","2008",7.647676,
"CHE","POP","TOT","MLN_PER","A","2009",7.743832,
"CHE","POP","TOT","MLN_PER","A","2010",7.82491,
"CHE","POP","TOT","MLN_PER","A","2011",7.912396,
"CHE","POP","TOT","MLN_PER","A","2012",7.996861,
"CHE","POP","TOT","MLN_PER","A","2013",8.089346,
"CHE","POP","TOT","MLN_PER","A","2014",8.188646,
"CHE","POP","TOT","MLN_PER","A","2015",8.282398,
"CHE","POP","TOT","MLN_PER","A","2016",8.373334,
"CHE","POP","TOT","MLN_PER","A","2017",8.451834,
"CHE","POP","TOT","MLN_PER","A","2018",8.514327,
"CHE","POP","TOT","MLN_PER","A","2019",8.57528,
"CHE","POP","TOT","MLN_PER","A","2020",8.638169,
"CHE","POP","TOT","MLN_PER","A","2021",8.704542,
"TUR","POP","TOT","MLN_PER","A","1992",56.986,
"TUR","POP","TOT","MLN_PER","A","1993",57.913,
"TUR","POP","TOT","MLN_PER","A","1994",58.837,
"TUR","POP","TOT","MLN_PER","A","1995",59.756,
"TUR","POP","TOT","MLN_PER","A","1996",60.671,
"TUR","POP","TOT","MLN_PER","A","1997",61.582,
"TUR","POP","TOT","MLN_PER","A","1998",62.464,
"TUR","POP","TOT","MLN_PER","A","1999",63.364,
"TUR","POP","TOT","MLN_PER","A","2000",64.268751,
"TUR","POP","TOT","MLN_PER","A","2001",65.1663305,
"TUR","POP","TOT","MLN_PER","A","2002",66.0025055,
"TUR","POP","TOT","MLN_PER","A","2003",66.794551,
"TUR","POP","TOT","MLN_PER","A","2004",67.598736,
"TUR","POP","TOT","MLN_PER","A","2005",68.43538,
"TUR","POP","TOT","MLN_PER","A","2006",69.295253,
"TUR","POP","TOT","MLN_PER","A","2007",70.1581115,
"TUR","POP","TOT","MLN_PER","A","2008",71.051689,
"TUR","POP","TOT","MLN_PER","A","2009",72.039215,
"TUR","POP","TOT","MLN_PER","A","2010",73.142162,
"TUR","POP","TOT","MLN_PER","A","2011",74.223642,
"TUR","POP","TOT","MLN_PER","A","2012",75.175836,
"TUR","POP","TOT","MLN_PER","A","2013",76.147634,
"TUR","POP","TOT","MLN_PER","A","2014",77.181894,
"TUR","POP","TOT","MLN_PER","A","2015",78.218488,
"TUR","POP","TOT","MLN_PER","A","2016",79.277971,
"TUR","POP","TOT","MLN_PER","A","2017",80.312708,
"TUR","POP","TOT","MLN_PER","A","2018",81.407211,
"TUR","POP","TOT","MLN_PER","A","2019",82.579448,
"TUR","POP","TOT","MLN_PER","A","2020",83.384688,
"TUR","POP","TOT","MLN_PER","A","2021",84.147326,
"GBR","POP","TOT","MLN_PER","A","1992",57.58453,
"GBR","POP","TOT","MLN_PER","A","1993",57.713889,
"GBR","POP","TOT","MLN_PER","A","1994",57.862145,
"GBR","POP","TOT","MLN_PER","A","1995",58.024799,
"GBR","POP","TOT","MLN_PER","A","1996",58.164374,
"GBR","POP","TOT","MLN_PER","A","1997",58.314249,
"GBR","POP","TOT","MLN_PER","A","1998",58.474943,
"GBR","POP","TOT","MLN_PER","A","1999",58.684427,
"GBR","POP","TOT","MLN_PER","A","2000",58.886065,
"GBR","POP","TOT","MLN_PER","A","2001",59.113016,
"GBR","POP","TOT","MLN_PER","A","2002",59.365677,
"GBR","POP","TOT","MLN_PER","A","2003",59.636662,
"GBR","POP","TOT","MLN_PER","A","2004",59.950364,
"GBR","POP","TOT","MLN_PER","A","2005",60.413276,
"GBR","POP","TOT","MLN_PER","A","2006",60.827067,
"GBR","POP","TOT","MLN_PER","A","2007",61.319075,
"GBR","POP","TOT","MLN_PER","A","2008",61.823772,
"GBR","POP","TOT","MLN_PER","A","2009",62.260486,
"GBR","POP","TOT","MLN_PER","A","2010",62.759456,
"GBR","POP","TOT","MLN_PER","A","2011",63.285145,
"GBR","POP","TOT","MLN_PER","A","2012",63.70503,
"GBR","POP","TOT","MLN_PER","A","2013",64.105654,
"GBR","POP","TOT","MLN_PER","A","2014",64.596752,
"GBR","POP","TOT","MLN_PER","A","2015",65.110034,
"GBR","POP","TOT","MLN_PER","A","2016",65.648054,
"GBR","POP","TOT","MLN_PER","A","2017",66.040229,
"GBR","POP","TOT","MLN_PER","A","2018",66.43555,
"GBR","POP","TOT","MLN_PER","A","2019",66.796807,
"GBR","POP","TOT","MLN_PER","A","2020",67.081234,
"GBR","POP","TOT","MLN_PER","A","2021",67.350695,
"USA","POP","TOT","MLN_PER","A","1992",256.514224,
"USA","POP","TOT","MLN_PER","A","1993",259.918588,
"USA","POP","TOT","MLN_PER","A","1994",263.125821,
"USA","POP","TOT","MLN_PER","A","1995",266.278393,
"USA","POP","TOT","MLN_PER","A","1996",269.394284,
"USA","POP","TOT","MLN_PER","A","1997",272.646925,
"USA","POP","TOT","MLN_PER","A","1998",275.854104,
"USA","POP","TOT","MLN_PER","A","1999",279.040168,
"USA","POP","TOT","MLN_PER","A","2000",282.162411,
"USA","POP","TOT","MLN_PER","A","2001",284.968955,
"USA","POP","TOT","MLN_PER","A","2002",287.625193,
"USA","POP","TOT","MLN_PER","A","2003",290.107933,
"USA","POP","TOT","MLN_PER","A","2004",292.805298,
"USA","POP","TOT","MLN_PER","A","2005",295.516599,
"USA","POP","TOT","MLN_PER","A","2006",298.379912,
"USA","POP","TOT","MLN_PER","A","2007",301.231207,
"USA","POP","TOT","MLN_PER","A","2008",304.093966,
"USA","POP","TOT","MLN_PER","A","2009",306.771529,
"USA","POP","TOT","MLN_PER","A","2010",309.327143,
"USA","POP","TOT","MLN_PER","A","2011",311.583481,
"USA","POP","TOT","MLN_PER","A","2012",313.877662,
"USA","POP","TOT","MLN_PER","A","2013",316.059947,
"USA","POP","TOT","MLN_PER","A","2014",318.386329,
"USA","POP","TOT","MLN_PER","A","2015",320.738994,
"USA","POP","TOT","MLN_PER","A","2016",323.071755,
"USA","POP","TOT","MLN_PER","A","2017",325.122128,
"USA","POP","TOT","MLN_PER","A","2018",326.838199,
"USA","POP","TOT","MLN_PER","A","2019",328.329953,
"USA","POP","TOT","MLN_PER","A","2020",331.50108,
"USA","POP","TOT","MLN_PER","A","2021",331.893745,
"BRA","POP","TOT","MLN_PER","A","1992",153.973883,
"BRA","POP","TOT","MLN_PER","A","1993",156.454116,
"BRA","POP","TOT","MLN_PER","A","1994",158.910651,
"BRA","POP","TOT","MLN_PER","A","1995",161.345581,
"BRA","POP","TOT","MLN_PER","A","1996",163.767821,
"BRA","POP","TOT","MLN_PER","A","1997",166.187066,
"BRA","POP","TOT","MLN_PER","A","1998",168.6064,
"BRA","POP","TOT","MLN_PER","A","1999",171.029011,
"BRA","POP","TOT","MLN_PER","A","2000",173.765726,
"BRA","POP","TOT","MLN_PER","A","2001",176.208646,
"BRA","POP","TOT","MLN_PER","A","2002",178.499255,
"BRA","POP","TOT","MLN_PER","A","2003",180.708344,
"BRA","POP","TOT","MLN_PER","A","2004",182.865043,
"BRA","POP","TOT","MLN_PER","A","2005",184.991143,
"BRA","POP","TOT","MLN_PER","A","2006",187.06161,
"BRA","POP","TOT","MLN_PER","A","2007",189.038268,
"BRA","POP","TOT","MLN_PER","A","2008",191.010274,
"BRA","POP","TOT","MLN_PER","A","2009",192.980905,
"BRA","POP","TOT","MLN_PER","A","2010",194.890682,
"BRA","POP","TOT","MLN_PER","A","2011",196.603732,
"BRA","POP","TOT","MLN_PER","A","2012",198.314934,
"BRA","POP","TOT","MLN_PER","A","2013",200.004188,
"BRA","POP","TOT","MLN_PER","A","2014",201.717541,
"BRA","POP","TOT","MLN_PER","A","2015",203.475683,
"BRA","POP","TOT","MLN_PER","A","2016",205.156587,
"BRA","POP","TOT","MLN_PER","A","2017",206.804741,
"BRA","POP","TOT","MLN_PER","A","2018",208.4949,
"BRA","POP","TOT","MLN_PER","A","2019",210.147125,
"BRA","POP","TOT","MLN_PER","A","2020",211.755692,
"BRA","POP","TOT","MLN_PER","A","2021",213.317639,
"CHL","POP","TOT","MLN_PER","A","1992",13.737062,
"CHL","POP","TOT","MLN_PER","A","1993",13.956766,
"CHL","POP","TOT","MLN_PER","A","1994",14.171821,
"CHL","POP","TOT","MLN_PER","A","1995",14.381249,
"CHL","POP","TOT","MLN_PER","A","1996",14.584947,
"CHL","POP","TOT","MLN_PER","A","1997",14.782706,
"CHL","POP","TOT","MLN_PER","A","1998",14.974898,
"CHL","POP","TOT","MLN_PER","A","1999",15.162353,
"CHL","POP","TOT","MLN_PER","A","2000",15.343326,
"CHL","POP","TOT","MLN_PER","A","2001",15.520049,
"CHL","POP","TOT","MLN_PER","A","2002",15.691701,
"CHL","POP","TOT","MLN_PER","A","2003",15.856977,
"CHL","POP","TOT","MLN_PER","A","2004",16.022133,
"CHL","POP","TOT","MLN_PER","A","2005",16.183489,
"CHL","POP","TOT","MLN_PER","A","2006",16.34789,
"CHL","POP","TOT","MLN_PER","A","2007",16.517933,
"CHL","POP","TOT","MLN_PER","A","2008",16.697754,
"CHL","POP","TOT","MLN_PER","A","2009",16.881078,
"CHL","POP","TOT","MLN_PER","A","2010",17.063927,
"CHL","POP","TOT","MLN_PER","A","2011",17.254159,
"CHL","POP","TOT","MLN_PER","A","2012",17.443491,
"CHL","POP","TOT","MLN_PER","A","2013",17.611902,
"CHL","POP","TOT","MLN_PER","A","2014",17.787617,
"CHL","POP","TOT","MLN_PER","A","2015",17.971423,
"CHL","POP","TOT","MLN_PER","A","2016",18.167147,
"CHL","POP","TOT","MLN_PER","A","2017",18.419192,
"CHL","POP","TOT","MLN_PER","A","2018",18.751405,
"CHL","POP","TOT","MLN_PER","A","2019",19.107216,
"CHL","POP","TOT","MLN_PER","A","2020",19.45831,
"CHL","POP","TOT","MLN_PER","A","2021",19.678363,
"COL","POP","TOT","MLN_PER","A","1992",35.52094,
"COL","POP","TOT","MLN_PER","A","1993",36.207108,
"COL","POP","TOT","MLN_PER","A","1994",36.853905,
"COL","POP","TOT","MLN_PER","A","1995",37.472184,
"COL","POP","TOT","MLN_PER","A","1996",38.06805,
"COL","POP","TOT","MLN_PER","A","1997",38.635691,
"COL","POP","TOT","MLN_PER","A","1998",39.184456,
"COL","POP","TOT","MLN_PER","A","1999",39.730798,
"COL","POP","TOT","MLN_PER","A","2000",40.295563,
"COL","POP","TOT","MLN_PER","A","2001",40.813541,
"COL","POP","TOT","MLN_PER","A","2002",41.328824,
"COL","POP","TOT","MLN_PER","A","2003",41.848959,
"COL","POP","TOT","MLN_PER","A","2004",42.368489,
"COL","POP","TOT","MLN_PER","A","2005",42.888592,
"COL","POP","TOT","MLN_PER","A","2006",43.405956,
"COL","POP","TOT","MLN_PER","A","2007",43.926929,
"COL","POP","TOT","MLN_PER","A","2008",44.451147,
"COL","POP","TOT","MLN_PER","A","2009",44.978832,
"COL","POP","TOT","MLN_PER","A","2010",45.509584,
"COL","POP","TOT","MLN_PER","A","2011",46.044601,
"COL","POP","TOT","MLN_PER","A","2012",46.581823,
"COL","POP","TOT","MLN_PER","A","2013",47.121089,
"COL","POP","TOT","MLN_PER","A","2014",47.661787,
"COL","POP","TOT","MLN_PER","A","2015",48.203405,
"COL","POP","TOT","MLN_PER","A","2016",48.747708,
"COL","POP","TOT","MLN_PER","A","2017",49.291609,
"COL","POP","TOT","MLN_PER","A","2018",49.83424,
"COL","POP","TOT","MLN_PER","A","2019",50.374478,
"COL","POP","TOT","MLN_PER","A","2020",50.911747,
"COL","POP","TOT","MLN_PER","A","2021",51.573744,
"EST","POP","TOT","MLN_PER","A","1992",1.533091,
"EST","POP","TOT","MLN_PER","A","1993",1.494128,
"EST","POP","TOT","MLN_PER","A","1994",1.462514,
"EST","POP","TOT","MLN_PER","A","1995",1.436634,
"EST","POP","TOT","MLN_PER","A","1996",1.415594,
"EST","POP","TOT","MLN_PER","A","1997",1.399535,
"EST","POP","TOT","MLN_PER","A","1998",1.386156,
"EST","POP","TOT","MLN_PER","A","1999",1.375654,
"EST","POP","TOT","MLN_PER","A","2000",1.396985,
"EST","POP","TOT","MLN_PER","A","2001",1.388115,
"EST","POP","TOT","MLN_PER","A","2002",1.37935,
"EST","POP","TOT","MLN_PER","A","2003",1.37072,
"EST","POP","TOT","MLN_PER","A","2004",1.36255,
"EST","POP","TOT","MLN_PER","A","2005",1.354775,
"EST","POP","TOT","MLN_PER","A","2006",1.34681,
"EST","POP","TOT","MLN_PER","A","2007",1.34068,
"EST","POP","TOT","MLN_PER","A","2008",1.33709,
"EST","POP","TOT","MLN_PER","A","2009",1.334515,
"EST","POP","TOT","MLN_PER","A","2010",1.331475,
"EST","POP","TOT","MLN_PER","A","2011",1.327439,
"EST","POP","TOT","MLN_PER","A","2012",1.322696,
"EST","POP","TOT","MLN_PER","A","2013",1.317997,
"EST","POP","TOT","MLN_PER","A","2014",1.314545,
"EST","POP","TOT","MLN_PER","A","2015",1.314608,
"EST","POP","TOT","MLN_PER","A","2016",1.31579,
"EST","POP","TOT","MLN_PER","A","2017",1.317384,
"EST","POP","TOT","MLN_PER","A","2018",1.321977,
"EST","POP","TOT","MLN_PER","A","2019",1.326855,
"EST","POP","TOT","MLN_PER","A","2020",1.329479,
"EST","POP","TOT","MLN_PER","A","2021",1.330932,
"ISR","POP","TOT","MLN_PER","A","1992",5.1235,
"ISR","POP","TOT","MLN_PER","A","1993",5.2614,
"ISR","POP","TOT","MLN_PER","A","1994",5.3993,
"ISR","POP","TOT","MLN_PER","A","1995",5.5449,
"ISR","POP","TOT","MLN_PER","A","1996",5.6851,
"ISR","POP","TOT","MLN_PER","A","1997",5.8289,
"ISR","POP","TOT","MLN_PER","A","1998",5.9707,
"ISR","POP","TOT","MLN_PER","A","1999",6.1253,
"ISR","POP","TOT","MLN_PER","A","2000",6.2892,
"ISR","POP","TOT","MLN_PER","A","2001",6.439037,
"ISR","POP","TOT","MLN_PER","A","2002",6.569957,
"ISR","POP","TOT","MLN_PER","A","2003",6.689748,
"ISR","POP","TOT","MLN_PER","A","2004",6.808969,
"ISR","POP","TOT","MLN_PER","A","2005",6.930128,
"ISR","POP","TOT","MLN_PER","A","2006",7.053707,
"ISR","POP","TOT","MLN_PER","A","2007",7.18016,
"ISR","POP","TOT","MLN_PER","A","2008",7.331353,
"ISR","POP","TOT","MLN_PER","A","2009",7.485565,
"ISR","POP","TOT","MLN_PER","A","2010",7.623561,
"ISR","POP","TOT","MLN_PER","A","2011",7.765832,
"ISR","POP","TOT","MLN_PER","A","2012",7.910525,
"ISR","POP","TOT","MLN_PER","A","2013",8.059456,
"ISR","POP","TOT","MLN_PER","A","2014",8.215668,
"ISR","POP","TOT","MLN_PER","A","2015",8.380149,
"ISR","POP","TOT","MLN_PER","A","2016",8.546009,
"ISR","POP","TOT","MLN_PER","A","2017",8.713268,
"ISR","POP","TOT","MLN_PER","A","2018",8.882764,
"ISR","POP","TOT","MLN_PER","A","2019",9.054026,
"ISR","POP","TOT","MLN_PER","A","2020",9.215113,
"ISR","POP","TOT","MLN_PER","A","2021",9.3714,
"RUS","POP","TOT","MLN_PER","A","1992",148.53819,
"RUS","POP","TOT","MLN_PER","A","1993",148.45878,
"RUS","POP","TOT","MLN_PER","A","1994",148.407906,
"RUS","POP","TOT","MLN_PER","A","1995",148.375796,
"RUS","POP","TOT","MLN_PER","A","1996",148.160121,
"RUS","POP","TOT","MLN_PER","A","1997",147.915371,
"RUS","POP","TOT","MLN_PER","A","1998",147.670787,
"RUS","POP","TOT","MLN_PER","A","1999",147.214777,
"RUS","POP","TOT","MLN_PER","A","2000",146.596873,
"RUS","POP","TOT","MLN_PER","A","2001",145.976465,
"RUS","POP","TOT","MLN_PER","A","2002",145.306489,
"RUS","POP","TOT","MLN_PER","A","2003",144.565937,
"RUS","POP","TOT","MLN_PER","A","2004",143.821218,
"RUS","POP","TOT","MLN_PER","A","2005",143.113885,
"RUS","POP","TOT","MLN_PER","A","2006",142.487259,
"RUS","POP","TOT","MLN_PER","A","2007",142.114903,
"RUS","POP","TOT","MLN_PER","A","2008",141.956413,
"RUS","POP","TOT","MLN_PER","A","2009",141.909248,
"RUS","POP","TOT","MLN_PER","A","2010",142.389969,
"RUS","POP","TOT","MLN_PER","A","2011",142.960911,
"RUS","POP","TOT","MLN_PER","A","2012",143.201721,
"RUS","POP","TOT","MLN_PER","A","2013",143.506995,
"RUS","POP","TOT","MLN_PER","A","2014",143.819657,
"RUS","POP","TOT","MLN_PER","A","2015",146.406004,
"RUS","POP","TOT","MLN_PER","A","2016",146.674542,
"RUS","POP","TOT","MLN_PER","A","2017",146.842404,
"RUS","POP","TOT","MLN_PER","A","2018",146.830572,
"RUS","POP","TOT","MLN_PER","A","2019",146.764661,
"RUS","POP","TOT","MLN_PER","A","2020",146.459803,
"SVN","POP","TOT","MLN_PER","A","1992",1.995832,
"SVN","POP","TOT","MLN_PER","A","1993",1.990623,
"SVN","POP","TOT","MLN_PER","A","1994",1.98885,
"SVN","POP","TOT","MLN_PER","A","1995",1.987505,
"SVN","POP","TOT","MLN_PER","A","1996",1.991169,
"SVN","POP","TOT","MLN_PER","A","1997",1.986848,
"SVN","POP","TOT","MLN_PER","A","1998",1.982603,
"SVN","POP","TOT","MLN_PER","A","1999",1.985557,
"SVN","POP","TOT","MLN_PER","A","2000",1.990272,
"SVN","POP","TOT","MLN_PER","A","2001",1.992035,
"SVN","POP","TOT","MLN_PER","A","2002",1.995718,
"SVN","POP","TOT","MLN_PER","A","2003",1.996773,
"SVN","POP","TOT","MLN_PER","A","2004",1.997004,
"SVN","POP","TOT","MLN_PER","A","2005",2.001114,
"SVN","POP","TOT","MLN_PER","A","2006",2.008516,
"SVN","POP","TOT","MLN_PER","A","2007",2.019406,
"SVN","POP","TOT","MLN_PER","A","2008",2.022629,
"SVN","POP","TOT","MLN_PER","A","2009",2.042335,
"SVN","POP","TOT","MLN_PER","A","2010",2.049261,
"SVN","POP","TOT","MLN_PER","A","2011",2.052496,
"SVN","POP","TOT","MLN_PER","A","2012",2.056262,
"SVN","POP","TOT","MLN_PER","A","2013",2.059114,
"SVN","POP","TOT","MLN_PER","A","2014",2.061623,
"SVN","POP","TOT","MLN_PER","A","2015",2.063077,
"SVN","POP","TOT","MLN_PER","A","2016",2.064241,
"SVN","POP","TOT","MLN_PER","A","2017",2.066161,
"SVN","POP","TOT","MLN_PER","A","2018",2.07005,
"SVN","POP","TOT","MLN_PER","A","2019",2.08931,
"SVN","POP","TOT","MLN_PER","A","2020",2.100126,
"SVN","POP","TOT","MLN_PER","A","2021",2.107007,
"CHN","POP","TOT","MLN_PER","A","1992",1183.813388,
"CHN","POP","TOT","MLN_PER","A","1993",1195.855556,
"CHN","POP","TOT","MLN_PER","A","1994",1207.286676,
"CHN","POP","TOT","MLN_PER","A","1995",1218.144424,
"CHN","POP","TOT","MLN_PER","A","1996",1228.298839,
"CHN","POP","TOT","MLN_PER","A","1997",1237.801448,
"CHN","POP","TOT","MLN_PER","A","1998",1246.836105,
"CHN","POP","TOT","MLN_PER","A","1999",1255.433238,
"CHN","POP","TOT","MLN_PER","A","2000",1264.09907,
"CHN","POP","TOT","MLN_PER","A","2001",1272.739581,
"CHN","POP","TOT","MLN_PER","A","2002",1280.926119,
"CHN","POP","TOT","MLN_PER","A","2003",1288.873367,
"CHN","POP","TOT","MLN_PER","A","2004",1296.81671,
"CHN","POP","TOT","MLN_PER","A","2005",1304.88756,
"CHN","POP","TOT","MLN_PER","A","2006",1313.086568,
"CHN","POP","TOT","MLN_PER","A","2007",1321.513225,
"CHN","POP","TOT","MLN_PER","A","2008",1330.167153,
"CHN","POP","TOT","MLN_PER","A","2009",1339.125594,
"CHN","POP","TOT","MLN_PER","A","2010",1348.191369,
"CHN","POP","TOT","MLN_PER","A","2011",1357.095477,
"CHN","POP","TOT","MLN_PER","A","2012",1366.560818,
"CHN","POP","TOT","MLN_PER","A","2013",1376.100306,
"CHN","POP","TOT","MLN_PER","A","2014",1385.189667,
"CHN","POP","TOT","MLN_PER","A","2015",1393.715447,
"CHN","POP","TOT","MLN_PER","A","2016",1401.88968,
"CHN","POP","TOT","MLN_PER","A","2017",1410.275957,
"CHN","POP","TOT","MLN_PER","A","2018",1417.069468,
"CHN","POP","TOT","MLN_PER","A","2019",1421.864034,
"CHN","POP","TOT","MLN_PER","A","2020",1424.929783,
"CHN","POP","TOT","MLN_PER","A","2021",1425.893465,
"IND","POP","TOT","MLN_PER","A","1992",907.57405,
"IND","POP","TOT","MLN_PER","A","1993",926.351296,
"IND","POP","TOT","MLN_PER","A","1994",945.261958,
"IND","POP","TOT","MLN_PER","A","1995",964.27913,
"IND","POP","TOT","MLN_PER","A","1996",983.281215,
"IND","POP","TOT","MLN_PER","A","1997",1002.33523,
"IND","POP","TOT","MLN_PER","A","1998",1021.434576,
"IND","POP","TOT","MLN_PER","A","1999",1040.500052,
"IND","POP","TOT","MLN_PER","A","2000",1059.633677,
"IND","POP","TOT","MLN_PER","A","2001",1078.970908,
"IND","POP","TOT","MLN_PER","A","2002",1098.31304,
"IND","POP","TOT","MLN_PER","A","2003",1117.415124,
"IND","POP","TOT","MLN_PER","A","2004",1136.26458,
"IND","POP","TOT","MLN_PER","A","2005",1154.638709,
"IND","POP","TOT","MLN_PER","A","2006",1172.373786,
"IND","POP","TOT","MLN_PER","A","2007",1189.691811,
"IND","POP","TOT","MLN_PER","A","2008",1206.734805,
"IND","POP","TOT","MLN_PER","A","2009",1223.640159,
"IND","POP","TOT","MLN_PER","A","2010",1240.61362,
"IND","POP","TOT","MLN_PER","A","2011",1257.62119,
"IND","POP","TOT","MLN_PER","A","2012",1274.487217,
"IND","POP","TOT","MLN_PER","A","2013",1291.132067,
"IND","POP","TOT","MLN_PER","A","2014",1307.246512,
"IND","POP","TOT","MLN_PER","A","2015",1322.866502,
"IND","POP","TOT","MLN_PER","A","2016",1338.63634,
"IND","POP","TOT","MLN_PER","A","2017",1354.195678,
"IND","POP","TOT","MLN_PER","A","2018",1369.003306,
"IND","POP","TOT","MLN_PER","A","2019",1383.112051,
"IND","POP","TOT","MLN_PER","A","2020",1396.387126,
"IND","POP","TOT","MLN_PER","A","2021",1407.563842,
"IDN","POP","TOT","MLN_PER","A","1992",187.739786,
"IDN","POP","TOT","MLN_PER","A","1993",190.851184,
"IDN","POP","TOT","MLN_PER","A","1994",193.917458,
"IDN","POP","TOT","MLN_PER","A","1995",196.934257,
"IDN","POP","TOT","MLN_PER","A","1996",199.901231,
"IDN","POP","TOT","MLN_PER","A","1997",202.826444,
"IDN","POP","TOT","MLN_PER","A","1998",205.724597,
"IDN","POP","TOT","MLN_PER","A","1999",208.615171,
"IDN","POP","TOT","MLN_PER","A","2000",211.513822,
"IDN","POP","TOT","MLN_PER","A","2001",214.427419,
"IDN","POP","TOT","MLN_PER","A","2002",217.35779,
"IDN","POP","TOT","MLN_PER","A","2003",220.309473,
"IDN","POP","TOT","MLN_PER","A","2004",223.285666,
"IDN","POP","TOT","MLN_PER","A","2005",226.289468,
"IDN","POP","TOT","MLN_PER","A","2006",229.318262,
"IDN","POP","TOT","MLN_PER","A","2007",232.374239,
"IDN","POP","TOT","MLN_PER","A","2008",235.469755,
"IDN","POP","TOT","MLN_PER","A","2009",238.620554,
"IDN","POP","TOT","MLN_PER","A","2010",241.834226,
"IDN","POP","TOT","MLN_PER","A","2011",245.115988,
"IDN","POP","TOT","MLN_PER","A","2012",248.451714,
"IDN","POP","TOT","MLN_PER","A","2013",251.805314,
"IDN","POP","TOT","MLN_PER","A","2014",255.128076,
"IDN","POP","TOT","MLN_PER","A","2015",255.5879,
"IDN","POP","TOT","MLN_PER","A","2016",258.4965,
"IDN","POP","TOT","MLN_PER","A","2017",261.3555,
"IDN","POP","TOT","MLN_PER","A","2018",264.1616,
"IDN","POP","TOT","MLN_PER","A","2019",266.9119,
"IDN","POP","TOT","MLN_PER","A","2020",269.6034,
"IDN","POP","TOT","MLN_PER","A","2021",272.2485,
"ZAF","POP","TOT","MLN_PER","A","1992",41.760754,
"ZAF","POP","TOT","MLN_PER","A","1993",42.525439,
"ZAF","POP","TOT","MLN_PER","A","1994",43.267984,
"ZAF","POP","TOT","MLN_PER","A","1995",43.986086,
"ZAF","POP","TOT","MLN_PER","A","1996",44.661605,
"ZAF","POP","TOT","MLN_PER","A","1997",45.285047,
"ZAF","POP","TOT","MLN_PER","A","1998",45.852167,
"ZAF","POP","TOT","MLN_PER","A","1999",46.364679,
"ZAF","POP","TOT","MLN_PER","A","2000",46.813268,
"ZAF","POP","TOT","MLN_PER","A","2001",47.229716,
"ZAF","POP","TOT","MLN_PER","A","2002",46.330165,
"ZAF","POP","TOT","MLN_PER","A","2003",46.776083,
"ZAF","POP","TOT","MLN_PER","A","2004",47.276543,
"ZAF","POP","TOT","MLN_PER","A","2005",47.810182,
"ZAF","POP","TOT","MLN_PER","A","2006",48.367901,
"ZAF","POP","TOT","MLN_PER","A","2007",48.973857,
"ZAF","POP","TOT","MLN_PER","A","2008",49.628089,
"ZAF","POP","TOT","MLN_PER","A","2009",50.337363,
"ZAF","POP","TOT","MLN_PER","A","2010",51.095503,
"ZAF","POP","TOT","MLN_PER","A","2011",51.888897,
"ZAF","POP","TOT","MLN_PER","A","2012",52.699253,
"ZAF","POP","TOT","MLN_PER","A","2013",53.524385,
"ZAF","POP","TOT","MLN_PER","A","2014",54.369436,
"ZAF","POP","TOT","MLN_PER","A","2015",55.203738,
"ZAF","POP","TOT","MLN_PER","A","2016",56.020148,
"ZAF","POP","TOT","MLN_PER","A","2017",56.840036,
"ZAF","POP","TOT","MLN_PER","A","2018",57.673251,
"ZAF","POP","TOT","MLN_PER","A","2019",58.532857,
"ZAF","POP","TOT","MLN_PER","A","2020",59.35294,
"ZAF","POP","TOT","MLN_PER","A","2021",59.964917,
"OECD","POP","TOT","MLN_PER","A","1992",1130.6099835,
"OECD","POP","TOT","MLN_PER","A","1993",1140.5211165,
"OECD","POP","TOT","MLN_PER","A","1994",1149.790525,
"OECD","POP","TOT","MLN_PER","A","1995",1158.807258,
"OECD","POP","TOT","MLN_PER","A","1996",1167.6511015,
"OECD","POP","TOT","MLN_PER","A","1997",1176.435448,
"OECD","POP","TOT","MLN_PER","A","1998",1184.850056,
"OECD","POP","TOT","MLN_PER","A","1999",1193.299215,
"OECD","POP","TOT","MLN_PER","A","2000",1202.0908135,
"OECD","POP","TOT","MLN_PER","A","2001",1210.753871,
"OECD","POP","TOT","MLN_PER","A","2002",1219.54808,
"OECD","POP","TOT","MLN_PER","A","2003",1228.247977,
"OECD","POP","TOT","MLN_PER","A","2004",1236.990845,
"OECD","POP","TOT","MLN_PER","A","2005",1245.96534,
"OECD","POP","TOT","MLN_PER","A","2006",1255.164632,
"OECD","POP","TOT","MLN_PER","A","2007",1265.014336,
"OECD","POP","TOT","MLN_PER","A","2008",1275.1589945,
"OECD","POP","TOT","MLN_PER","A","2009",1284.4179655,
"OECD","POP","TOT","MLN_PER","A","2010",1293.62546,
"OECD","POP","TOT","MLN_PER","A","2011",1300.3431525,
"OECD","POP","TOT","MLN_PER","A","2012",1308.27944943051,
"OECD","POP","TOT","MLN_PER","A","2013",1315.85083564141,
"OECD","POP","TOT","MLN_PER","A","2014",1324.11892843384,
"OECD","POP","TOT","MLN_PER","A","2015",1332.40833731347,
"OECD","POP","TOT","MLN_PER","A","2016",1340.85365645222,
"OECD","POP","TOT","MLN_PER","A","2017",1348.50392209332,
"OECD","POP","TOT","MLN_PER","A","2018",1356.09110545767,
"OECD","POP","TOT","MLN_PER","A","2019",1363.57679614722,
"OECD","POP","TOT","MLN_PER","A","2020",1371.70386271647,
"OECD","POP","TOT","MLN_PER","A","2021",1374.71976297092,
"LVA","POP","TOT","MLN_PER","A","1992",2.614338,
"LVA","POP","TOT","MLN_PER","A","1993",2.563289,
"LVA","POP","TOT","MLN_PER","A","1994",2.520742,
"LVA","POP","TOT","MLN_PER","A","1995",2.485054,
"LVA","POP","TOT","MLN_PER","A","1996",2.457226,
"LVA","POP","TOT","MLN_PER","A","1997",2.432851,
"LVA","POP","TOT","MLN_PER","A","1998",2.410027,
"LVA","POP","TOT","MLN_PER","A","1999",2.390477,
"LVA","POP","TOT","MLN_PER","A","2000",2.367549,
"LVA","POP","TOT","MLN_PER","A","2001",2.337172,
"LVA","POP","TOT","MLN_PER","A","2002",2.310176,
"LVA","POP","TOT","MLN_PER","A","2003",2.287955,
"LVA","POP","TOT","MLN_PER","A","2004",2.263123,
"LVA","POP","TOT","MLN_PER","A","2005",2.238799,
"LVA","POP","TOT","MLN_PER","A","2006",2.218351,
"LVA","POP","TOT","MLN_PER","A","2007",2.200325,
"LVA","POP","TOT","MLN_PER","A","2008",2.177324,
"LVA","POP","TOT","MLN_PER","A","2009",2.141668,
"LVA","POP","TOT","MLN_PER","A","2010",2.097553,
"LVA","POP","TOT","MLN_PER","A","2011",2.05971,
"LVA","POP","TOT","MLN_PER","A","2012",2.034324,
"LVA","POP","TOT","MLN_PER","A","2013",2.012647,
"LVA","POP","TOT","MLN_PER","A","2014",1.993785,
"LVA","POP","TOT","MLN_PER","A","2015",1.977523,
"LVA","POP","TOT","MLN_PER","A","2016",1.959535,
"LVA","POP","TOT","MLN_PER","A","2017",1.942247,
"LVA","POP","TOT","MLN_PER","A","2018",1.92717,
"LVA","POP","TOT","MLN_PER","A","2019",1.913826,
"LVA","POP","TOT","MLN_PER","A","2020",1.900448,
"LVA","POP","TOT","MLN_PER","A","2021",1.884488,
"ARG","POP","TOT","MLN_PER","A","1992",33.475005,
"ARG","POP","TOT","MLN_PER","A","1993",33.91744,
"ARG","POP","TOT","MLN_PER","A","1994",34.353066,
"ARG","POP","TOT","MLN_PER","A","1995",34.779096,
"ARG","POP","TOT","MLN_PER","A","1996",35.195575,
"ARG","POP","TOT","MLN_PER","A","1997",35.604362,
"ARG","POP","TOT","MLN_PER","A","1998",36.005387,
"ARG","POP","TOT","MLN_PER","A","1999",36.398577,
"ARG","POP","TOT","MLN_PER","A","2000",36.783859,
"ARG","POP","TOT","MLN_PER","A","2001",37.156654,
"ARG","POP","TOT","MLN_PER","A","2002",37.537783,
"ARG","POP","TOT","MLN_PER","A","2003",37.927463,
"ARG","POP","TOT","MLN_PER","A","2004",38.325927,
"ARG","POP","TOT","MLN_PER","A","2005",38.733406,
"ARG","POP","TOT","MLN_PER","A","2006",39.127239,
"ARG","POP","TOT","MLN_PER","A","2007",39.52944,
"ARG","POP","TOT","MLN_PER","A","2008",39.940234,
"ARG","POP","TOT","MLN_PER","A","2009",40.359828,
"ARG","POP","TOT","MLN_PER","A","2010",40.788453,
"ARG","POP","TOT","MLN_PER","A","2011",41.26149,
"ARG","POP","TOT","MLN_PER","A","2012",41.733271,
"ARG","POP","TOT","MLN_PER","A","2013",42.202935,
"ARG","POP","TOT","MLN_PER","A","2014",42.6695,
"ARG","POP","TOT","MLN_PER","A","2015",43.131966,
"ARG","POP","TOT","MLN_PER","A","2016",43.590368,
"ARG","POP","TOT","MLN_PER","A","2017",44.044811,
"ARG","POP","TOT","MLN_PER","A","2018",44.494502,
"ARG","POP","TOT","MLN_PER","A","2019",44.938712,
"ARG","POP","TOT","MLN_PER","A","2020",45.376763,
"ARG","POP","TOT","MLN_PER","A","2021",45.808747,
"BGR","POP","TOT","MLN_PER","A","1992",8.540164,
"BGR","POP","TOT","MLN_PER","A","1993",8.472313,
"BGR","POP","TOT","MLN_PER","A","1994",8.443591,
"BGR","POP","TOT","MLN_PER","A","1995",8.406067,
"BGR","POP","TOT","MLN_PER","A","1996",8.362826,
"BGR","POP","TOT","MLN_PER","A","1997",8.312068,
"BGR","POP","TOT","MLN_PER","A","1998",8.256786,
"BGR","POP","TOT","MLN_PER","A","1999",8.210624,
"BGR","POP","TOT","MLN_PER","A","2000",8.170172,
"BGR","POP","TOT","MLN_PER","A","2001",8.0091415,
"BGR","POP","TOT","MLN_PER","A","2002",7.8371605,
"BGR","POP","TOT","MLN_PER","A","2003",7.7753265,
"BGR","POP","TOT","MLN_PER","A","2004",7.71686,
"BGR","POP","TOT","MLN_PER","A","2005",7.658972,
"BGR","POP","TOT","MLN_PER","A","2006",7.601022,
"BGR","POP","TOT","MLN_PER","A","2007",7.5453375,
"BGR","POP","TOT","MLN_PER","A","2008",7.4925605,
"BGR","POP","TOT","MLN_PER","A","2009",7.4444425,
"BGR","POP","TOT","MLN_PER","A","2010",7.3955985,
"BGR","POP","TOT","MLN_PER","A","2011",7.3483275,
"BGR","POP","TOT","MLN_PER","A","2012",7.305888,
"BGR","POP","TOT","MLN_PER","A","2013",7.2651145,
"BGR","POP","TOT","MLN_PER","A","2014",7.2239375,
"BGR","POP","TOT","MLN_PER","A","2015",7.177991,
"BGR","POP","TOT","MLN_PER","A","2016",7.1278215,
"BGR","POP","TOT","MLN_PER","A","2017",7.0759465,
"BGR","POP","TOT","MLN_PER","A","2018",7.0250365,
"BGR","POP","TOT","MLN_PER","A","2019",6.9757605,
"BGR","POP","TOT","MLN_PER","A","2020",6.934015,
"BGR","POP","TOT","MLN_PER","A","2021",6.8777425,
"CRI","POP","TOT","MLN_PER","A","1992",3.170537,
"CRI","POP","TOT","MLN_PER","A","1993",3.239868,
"CRI","POP","TOT","MLN_PER","A","1994",3.334223,
"CRI","POP","TOT","MLN_PER","A","1995",3.428278,
"CRI","POP","TOT","MLN_PER","A","1996",3.520866,
"CRI","POP","TOT","MLN_PER","A","1997",3.611224,
"CRI","POP","TOT","MLN_PER","A","1998",3.699939,
"CRI","POP","TOT","MLN_PER","A","1999",3.786841,
"CRI","POP","TOT","MLN_PER","A","2000",3.872349,
"CRI","POP","TOT","MLN_PER","A","2001",3.953393,
"CRI","POP","TOT","MLN_PER","A","2002",4.022431,
"CRI","POP","TOT","MLN_PER","A","2003",4.086405,
"CRI","POP","TOT","MLN_PER","A","2004",4.151823,
"CRI","POP","TOT","MLN_PER","A","2005",4.215248,
"CRI","POP","TOT","MLN_PER","A","2006",4.278656,
"CRI","POP","TOT","MLN_PER","A","2007",4.34039,
"CRI","POP","TOT","MLN_PER","A","2008",4.40409,
"CRI","POP","TOT","MLN_PER","A","2009",4.469337,
"CRI","POP","TOT","MLN_PER","A","2010",4.533894,
"CRI","POP","TOT","MLN_PER","A","2011",4.592149,
"CRI","POP","TOT","MLN_PER","A","2012",4.65245893050581,
"CRI","POP","TOT","MLN_PER","A","2013",4.71316814141015,
"CRI","POP","TOT","MLN_PER","A","2014",4.77312993384446,
"CRI","POP","TOT","MLN_PER","A","2015",4.8322338134651,
"CRI","POP","TOT","MLN_PER","A","2016",4.89037945221625,
"CRI","POP","TOT","MLN_PER","A","2017",4.94748959332252,
"CRI","POP","TOT","MLN_PER","A","2018",5.00340195767213,
"CRI","POP","TOT","MLN_PER","A","2019",5.05800714721902,
"CRI","POP","TOT","MLN_PER","A","2020",5.11123821646865,
"CRI","POP","TOT","MLN_PER","A","2021",5.16303797091561,
"HRV","POP","TOT","MLN_PER","A","1992",4.798318,
"HRV","POP","TOT","MLN_PER","A","1993",4.792402,
"HRV","POP","TOT","MLN_PER","A","1994",4.819427,
"HRV","POP","TOT","MLN_PER","A","1995",4.807101,
"HRV","POP","TOT","MLN_PER","A","1996",4.758633,
"HRV","POP","TOT","MLN_PER","A","1997",4.711372,
"HRV","POP","TOT","MLN_PER","A","1998",4.659932,
"HRV","POP","TOT","MLN_PER","A","1999",4.605331,
"HRV","POP","TOT","MLN_PER","A","2000",4.548433,
"HRV","POP","TOT","MLN_PER","A","2001",4.299642,
"HRV","POP","TOT","MLN_PER","A","2002",4.302174,
"HRV","POP","TOT","MLN_PER","A","2003",4.303399,
"HRV","POP","TOT","MLN_PER","A","2004",4.3046,
"HRV","POP","TOT","MLN_PER","A","2005",4.310145,
"HRV","POP","TOT","MLN_PER","A","2006",4.311159,
"HRV","POP","TOT","MLN_PER","A","2007",4.310217,
"HRV","POP","TOT","MLN_PER","A","2008",4.309705,
"HRV","POP","TOT","MLN_PER","A","2009",4.305181,
"HRV","POP","TOT","MLN_PER","A","2010",4.295427,
"HRV","POP","TOT","MLN_PER","A","2011",4.280622,
"HRV","POP","TOT","MLN_PER","A","2012",4.267558,
"HRV","POP","TOT","MLN_PER","A","2013",4.255689,
"HRV","POP","TOT","MLN_PER","A","2014",4.238389,
"HRV","POP","TOT","MLN_PER","A","2015",4.203604,
"HRV","POP","TOT","MLN_PER","A","2016",4.174349,
"HRV","POP","TOT","MLN_PER","A","2017",4.124531,
"HRV","POP","TOT","MLN_PER","A","2018",4.087843,
"HRV","POP","TOT","MLN_PER","A","2019",4.065253,
"HRV","POP","TOT","MLN_PER","A","2020",4.04768,
"HRV","POP","TOT","MLN_PER","A","2021",3.878981,
"CYP","POP","TOT","MLN_PER","A","1992",0.611151,
"CYP","POP","TOT","MLN_PER","A","1993",0.626087,
"CYP","POP","TOT","MLN_PER","A","1994",0.63917,
"CYP","POP","TOT","MLN_PER","A","1995",0.65086,
"CYP","POP","TOT","MLN_PER","A","1996",0.661326,
"CYP","POP","TOT","MLN_PER","A","1997",0.670764,
"CYP","POP","TOT","MLN_PER","A","1998",0.679042,
"CYP","POP","TOT","MLN_PER","A","1999",0.686675,
"CYP","POP","TOT","MLN_PER","A","2000",0.69402,
"CYP","POP","TOT","MLN_PER","A","2001",0.701537,
"CYP","POP","TOT","MLN_PER","A","2002",0.709631,
"CYP","POP","TOT","MLN_PER","A","2003",0.718305,
"CYP","POP","TOT","MLN_PER","A","2004",0.727977,
"CYP","POP","TOT","MLN_PER","A","2005",0.738541,
"CYP","POP","TOT","MLN_PER","A","2006",0.750964,
"CYP","POP","TOT","MLN_PER","A","2007",0.767128,
"CYP","POP","TOT","MLN_PER","A","2008",0.78663,
"CYP","POP","TOT","MLN_PER","A","2009",0.808038,
"CYP","POP","TOT","MLN_PER","A","2010",0.829444,
"CYP","POP","TOT","MLN_PER","A","2011",0.850882,
"CYP","POP","TOT","MLN_PER","A","2012",0.863945,
"CYP","POP","TOT","MLN_PER","A","2013",0.861938,
"CYP","POP","TOT","MLN_PER","A","2014",0.852511,
"CYP","POP","TOT","MLN_PER","A","2015",0.847662,
"CYP","POP","TOT","MLN_PER","A","2016",0.851559,
"CYP","POP","TOT","MLN_PER","A","2017",0.85952,
"CYP","POP","TOT","MLN_PER","A","2018",0.870071,
"CYP","POP","TOT","MLN_PER","A","2019",0.881949,
"CYP","POP","TOT","MLN_PER","A","2020",0.892006,
"CYP","POP","TOT","MLN_PER","A","2021",0.899939,
"LTU","POP","TOT","MLN_PER","A","1992",3.700114,
"LTU","POP","TOT","MLN_PER","A","1993",3.682613,
"LTU","POP","TOT","MLN_PER","A","1994",3.657144,
"LTU","POP","TOT","MLN_PER","A","1995",3.629102,
"LTU","POP","TOT","MLN_PER","A","1996",3.601613,
"LTU","POP","TOT","MLN_PER","A","1997",3.575137,
"LTU","POP","TOT","MLN_PER","A","1998",3.549331,
"LTU","POP","TOT","MLN_PER","A","1999",3.524237,
"LTU","POP","TOT","MLN_PER","A","2000",3.499534,
"LTU","POP","TOT","MLN_PER","A","2001",3.470817,
"LTU","POP","TOT","MLN_PER","A","2002",3.443066,
"LTU","POP","TOT","MLN_PER","A","2003",3.415209,
"LTU","POP","TOT","MLN_PER","A","2004",3.377073,
"LTU","POP","TOT","MLN_PER","A","2005",3.322525,
"LTU","POP","TOT","MLN_PER","A","2006",3.269903,
"LTU","POP","TOT","MLN_PER","A","2007",3.231297,
"LTU","POP","TOT","MLN_PER","A","2008",3.198234,
"LTU","POP","TOT","MLN_PER","A","2009",3.162911,
"LTU","POP","TOT","MLN_PER","A","2010",3.097292,
"LTU","POP","TOT","MLN_PER","A","2011",3.028119,
"LTU","POP","TOT","MLN_PER","A","2012",2.987773,
"LTU","POP","TOT","MLN_PER","A","2013",2.957689,
"LTU","POP","TOT","MLN_PER","A","2014",2.932366,
"LTU","POP","TOT","MLN_PER","A","2015",2.904908,
"LTU","POP","TOT","MLN_PER","A","2016",2.868234,
"LTU","POP","TOT","MLN_PER","A","2017",2.828398,
"LTU","POP","TOT","MLN_PER","A","2018",2.801541,
"LTU","POP","TOT","MLN_PER","A","2019",2.794135,
"LTU","POP","TOT","MLN_PER","A","2020",2.79489,
"LTU","POP","TOT","MLN_PER","A","2021",2.795321,
"MLT","POP","TOT","MLN_PER","A","1992",0.36126,
"MLT","POP","TOT","MLN_PER","A","1993",0.364704,
"MLT","POP","TOT","MLN_PER","A","1994",0.367941,
"MLT","POP","TOT","MLN_PER","A","1995",0.370433,
"MLT","POP","TOT","MLN_PER","A","1996",0.372687,
"MLT","POP","TOT","MLN_PER","A","1997",0.375236,
"MLT","POP","TOT","MLN_PER","A","1998",0.377516,
"MLT","POP","TOT","MLN_PER","A","1999",0.37936,
"MLT","POP","TOT","MLN_PER","A","2000",0.385808,
"MLT","POP","TOT","MLN_PER","A","2001",0.393028,
"MLT","POP","TOT","MLN_PER","A","2002",0.395969,
"MLT","POP","TOT","MLN_PER","A","2003",0.398582,
"MLT","POP","TOT","MLN_PER","A","2004",0.401263,
"MLT","POP","TOT","MLN_PER","A","2005",0.403825,
"MLT","POP","TOT","MLN_PER","A","2006",0.405311,
"MLT","POP","TOT","MLN_PER","A","2007",0.406725,
"MLT","POP","TOT","MLN_PER","A","2008",0.409377,
"MLT","POP","TOT","MLN_PER","A","2009",0.412474,
"MLT","POP","TOT","MLN_PER","A","2010",0.414509,
"MLT","POP","TOT","MLN_PER","A","2011",0.416264,
"MLT","POP","TOT","MLN_PER","A","2012",0.420033,
"MLT","POP","TOT","MLN_PER","A","2013",0.425968,
"MLT","POP","TOT","MLN_PER","A","2014",0.434557,
"MLT","POP","TOT","MLN_PER","A","2015",0.445056,
"MLT","POP","TOT","MLN_PER","A","2016",0.455356,
"MLT","POP","TOT","MLN_PER","A","2017",0.468005,
"MLT","POP","TOT","MLN_PER","A","2018",0.484634,
"MLT","POP","TOT","MLN_PER","A","2019",0.504059,
"MLT","POP","TOT","MLN_PER","A","2020",0.51533,
"MLT","POP","TOT","MLN_PER","A","2021",0.516748,
"ROU","POP","TOT","MLN_PER","A","1992",22.794284,
"ROU","POP","TOT","MLN_PER","A","1993",22.763283,
"ROU","POP","TOT","MLN_PER","A","1994",22.730216,
"ROU","POP","TOT","MLN_PER","A","1995",22.684268,
"ROU","POP","TOT","MLN_PER","A","1996",22.619005,
"ROU","POP","TOT","MLN_PER","A","1997",22.553982,
"ROU","POP","TOT","MLN_PER","A","1998",22.507354,
"ROU","POP","TOT","MLN_PER","A","1999",22.472043,
"ROU","POP","TOT","MLN_PER","A","2000",22.442973,
"ROU","POP","TOT","MLN_PER","A","2001",22.131974,
"ROU","POP","TOT","MLN_PER","A","2002",21.675775,
"ROU","POP","TOT","MLN_PER","A","2003",21.574365,
"ROU","POP","TOT","MLN_PER","A","2004",21.451845,
"ROU","POP","TOT","MLN_PER","A","2005",21.319673,
"ROU","POP","TOT","MLN_PER","A","2006",21.193749,
"ROU","POP","TOT","MLN_PER","A","2007",20.88298,
"ROU","POP","TOT","MLN_PER","A","2008",20.537848,
"ROU","POP","TOT","MLN_PER","A","2009",20.367437,
"ROU","POP","TOT","MLN_PER","A","2010",20.246798,
"ROU","POP","TOT","MLN_PER","A","2011",20.147657,
"ROU","POP","TOT","MLN_PER","A","2012",20.060182,
"ROU","POP","TOT","MLN_PER","A","2013",19.988694,
"ROU","POP","TOT","MLN_PER","A","2014",19.916451,
"ROU","POP","TOT","MLN_PER","A","2015",19.82225,
"ROU","POP","TOT","MLN_PER","A","2016",19.706424,
"ROU","POP","TOT","MLN_PER","A","2017",19.592933,
"ROU","POP","TOT","MLN_PER","A","2018",19.48384,
"ROU","POP","TOT","MLN_PER","A","2019",19.375835,
"ROU","POP","TOT","MLN_PER","A","2020",19.269469,
"ROU","POP","TOT","MLN_PER","A","2021",19.124061,
"SAU","POP","TOT","MLN_PER","A","1992",17.282686,
"SAU","POP","TOT","MLN_PER","A","1993",17.763297,
"SAU","POP","TOT","MLN_PER","A","1994",18.214475,
"SAU","POP","TOT","MLN_PER","A","1995",18.63879,
"SAU","POP","TOT","MLN_PER","A","1996",19.033843,
"SAU","POP","TOT","MLN_PER","A","1997",19.407138,
"SAU","POP","TOT","MLN_PER","A","1998",19.783301,
"SAU","POP","TOT","MLN_PER","A","1999",20.194531,
"SAU","POP","TOT","MLN_PER","A","2000",20.66384,
"SAU","POP","TOT","MLN_PER","A","2001",21.202646,
"SAU","POP","TOT","MLN_PER","A","2002",21.805322,
"SAU","POP","TOT","MLN_PER","A","2003",22.456645,
"SAU","POP","TOT","MLN_PER","A","2004",23.132686,
"SAU","POP","TOT","MLN_PER","A","2005",23.816175,
"SAU","POP","TOT","MLN_PER","A","2006",24.498313,
"SAU","POP","TOT","MLN_PER","A","2007",25.184589,
"SAU","POP","TOT","MLN_PER","A","2008",25.888535,
"SAU","POP","TOT","MLN_PER","A","2009",26.630303,
"SAU","POP","TOT","MLN_PER","A","2010",27.410508,
"SAU","POP","TOT","MLN_PER","A","2011",28.173195,
"SAU","POP","TOT","MLN_PER","A","2012",28.89684,
"SAU","POP","TOT","MLN_PER","A","2013",29.613064,
"SAU","POP","TOT","MLN_PER","A","2014",30.339795,
"SAU","POP","TOT","MLN_PER","A","2015",31.062069,
"SAU","POP","TOT","MLN_PER","A","2016",31.78758,
"SAU","POP","TOT","MLN_PER","A","2017",32.612641,
"SAU","POP","TOT","MLN_PER","A","2018",33.41366,
"SAU","POP","TOT","MLN_PER","A","2019",34.218169,
"SAU","POP","TOT","MLN_PER","A","2020",35.013414,
"SAU","POP","TOT","MLN_PER","A","2021",34.110821,
"SGP","POP","TOT","MLN_PER","A","1992",2.849754,
"SGP","POP","TOT","MLN_PER","A","1993",2.904547,
"SGP","POP","TOT","MLN_PER","A","1994",2.95935,
"SGP","POP","TOT","MLN_PER","A","1995",3.013515,
"SGP","POP","TOT","MLN_PER","A","1996",3.068132,
"SGP","POP","TOT","MLN_PER","A","1997",3.123403,
"SGP","POP","TOT","MLN_PER","A","1998",3.180018,
"SGP","POP","TOT","MLN_PER","A","1999",3.229681,
"SGP","POP","TOT","MLN_PER","A","2000",3.273363,
"SGP","POP","TOT","MLN_PER","A","2001",3.325902,
"SGP","POP","TOT","MLN_PER","A","2002",3.382944,
"SGP","POP","TOT","MLN_PER","A","2003",3.366891,
"SGP","POP","TOT","MLN_PER","A","2004",3.413266,
"SGP","POP","TOT","MLN_PER","A","2005",3.467814,
"SGP","POP","TOT","MLN_PER","A","2006",3.525894,
"SGP","POP","TOT","MLN_PER","A","2007",3.583082,
"SGP","POP","TOT","MLN_PER","A","2008",3.642659,
"SGP","POP","TOT","MLN_PER","A","2009",3.733876,
"SGP","POP","TOT","MLN_PER","A","2010",3.771721,
"SGP","POP","TOT","MLN_PER","A","2011",3.789251,
"SGP","POP","TOT","MLN_PER","A","2012",3.818205,
"SGP","POP","TOT","MLN_PER","A","2013",3.844751,
"SGP","POP","TOT","MLN_PER","A","2014",3.870739,
"SGP","POP","TOT","MLN_PER","A","2015",3.90269,
"SGP","POP","TOT","MLN_PER","A","2016",3.933559,
"SGP","POP","TOT","MLN_PER","A","2017",3.965796,
"SGP","POP","TOT","MLN_PER","A","2018",3.994283,
"SGP","POP","TOT","MLN_PER","A","2019",4.026209,
"SGP","POP","TOT","MLN_PER","A","2020",4.04421,
"SGP","POP","TOT","MLN_PER","A","2021",3.986842,
"WLD","POP","TOT","MLN_PER","A","1992",5492.686095,
"WLD","POP","TOT","MLN_PER","A","1993",5577.433522,
"WLD","POP","TOT","MLN_PER","A","1994",5660.727994,
"WLD","POP","TOT","MLN_PER","A","1995",5743.219455,
"WLD","POP","TOT","MLN_PER","A","1996",5825.145298,
"WLD","POP","TOT","MLN_PER","A","1997",5906.481261,
"WLD","POP","TOT","MLN_PER","A","1998",5987.312479,
"WLD","POP","TOT","MLN_PER","A","1999",6067.758459,
"WLD","POP","TOT","MLN_PER","A","2000",6148.898977,
"WLD","POP","TOT","MLN_PER","A","2001",6230.746981,
"WLD","POP","TOT","MLN_PER","A","2002",6312.407361,
"WLD","POP","TOT","MLN_PER","A","2003",6393.898365,
"WLD","POP","TOT","MLN_PER","A","2004",6475.751477,
"WLD","POP","TOT","MLN_PER","A","2005",6558.176119,
"WLD","POP","TOT","MLN_PER","A","2006",6641.416216,
"WLD","POP","TOT","MLN_PER","A","2007",6725.948545,
"WLD","POP","TOT","MLN_PER","A","2008",6811.597272,
"WLD","POP","TOT","MLN_PER","A","2009",6898.305911,
"WLD","POP","TOT","MLN_PER","A","2010",6985.603103,
"WLD","POP","TOT","MLN_PER","A","2011",7073.125423,
"WLD","POP","TOT","MLN_PER","A","2012",7161.697923,
"WLD","POP","TOT","MLN_PER","A","2013",7250.593368,
"WLD","POP","TOT","MLN_PER","A","2014",7339.01342,
"WLD","POP","TOT","MLN_PER","A","2015",7426.597538,
"WLD","POP","TOT","MLN_PER","A","2016",7513.474235,
"WLD","POP","TOT","MLN_PER","A","2017",7599.822403,
"WLD","POP","TOT","MLN_PER","A","2018",7683.789831,
"WLD","POP","TOT","MLN_PER","A","2019",7764.951032,
"WLD","POP","TOT","MLN_PER","A","2020",7840.95288,
"WLD","POP","TOT","MLN_PER","A","2021",7909.295151,
"G20","POP","TOT","MLN_PER","A","1992",3769.3663495,
"G20","POP","TOT","MLN_PER","A","1993",3815.9656925,
"G20","POP","TOT","MLN_PER","A","1994",3861.435365,
"G20","POP","TOT","MLN_PER","A","1995",3906.041795,
"G20","POP","TOT","MLN_PER","A","1996",3949.4127575,
"G20","POP","TOT","MLN_PER","A","1997",3992.015961,
"G20","POP","TOT","MLN_PER","A","1998",4033.783497,
"G20","POP","TOT","MLN_PER","A","1999",4074.879602,
"G20","POP","TOT","MLN_PER","A","2000",4116.5877935,
"G20","POP","TOT","MLN_PER","A","2001",4157.5693445,
"G20","POP","TOT","MLN_PER","A","2002",4196.8729125,
"G20","POP","TOT","MLN_PER","A","2003",4237.3477215,
"G20","POP","TOT","MLN_PER","A","2004",4277.669237,
"G20","POP","TOT","MLN_PER","A","2005",4317.968524,
"G20","POP","TOT","MLN_PER","A","2006",4358.028574,
"G20","POP","TOT","MLN_PER","A","2007",4398.5860035,
"G20","POP","TOT","MLN_PER","A","2008",4439.612934,
"G20","POP","TOT","MLN_PER","A","2009",4480.351031,
"G20","POP","TOT","MLN_PER","A","2010",4521.9076935,
"G20","POP","TOT","MLN_PER","A","2011",4560.882548,
"G20","POP","TOT","MLN_PER","A","2012",4601.2102675,
"G20","POP","TOT","MLN_PER","A","2013",4641.096498,
"G20","POP","TOT","MLN_PER","A","2014",4680.656804,
"G20","POP","TOT","MLN_PER","A","2015",4718.5544845,
"G20","POP","TOT","MLN_PER","A","2016",4756.4106465,
"G20","POP","TOT","MLN_PER","A","2017",4793.339269,
"G20","POP","TOT","MLN_PER","A","2018",4827.632413,
"G20","POP","TOT","MLN_PER","A","2019",4859.0125035,
"G20","POP","TOT","MLN_PER","A","2020",4888.0705725,
"EU27","POP","TOT","MLN_PER","A","1992",422.6466555,
"EU27","POP","TOT","MLN_PER","A","1993",423.9400515,
"EU27","POP","TOT","MLN_PER","A","1994",424.914845,
"EU27","POP","TOT","MLN_PER","A","1995",425.685108,
"EU27","POP","TOT","MLN_PER","A","1996",426.3644005,
"EU27","POP","TOT","MLN_PER","A","1997",426.941575,
"EU27","POP","TOT","MLN_PER","A","1998",427.42491,
"EU27","POP","TOT","MLN_PER","A","1999",428.04216,
"EU27","POP","TOT","MLN_PER","A","2000",428.9666705,
"EU27","POP","TOT","MLN_PER","A","2001",429.346942,
"EU27","POP","TOT","MLN_PER","A","2002",430.374562,
"EU27","POP","TOT","MLN_PER","A","2003",432.0095705,
"EU27","POP","TOT","MLN_PER","A","2004",433.611126,
"EU27","POP","TOT","MLN_PER","A","2005",435.28022,
"EU27","POP","TOT","MLN_PER","A","2006",436.689066,
"EU27","POP","TOT","MLN_PER","A","2007",438.279405,
"EU27","POP","TOT","MLN_PER","A","2008",439.80781,
"EU27","POP","TOT","MLN_PER","A","2009",440.920562,
"EU27","POP","TOT","MLN_PER","A","2010",442.0678285,
"EU27","POP","TOT","MLN_PER","A","2011",441.251725,
"EU27","POP","TOT","MLN_PER","A","2012",441.9301045,
"EU27","POP","TOT","MLN_PER","A","2013",442.386216,
"EU27","POP","TOT","MLN_PER","A","2014",443.178304,
"EU27","POP","TOT","MLN_PER","A","2015",444.0612645,
"EU27","POP","TOT","MLN_PER","A","2016",444.9949875,
"EU27","POP","TOT","MLN_PER","A","2017",445.635488,
"EU27","POP","TOT","MLN_PER","A","2018",446.406387,
"EU27","POP","TOT","MLN_PER","A","2019",447.3403505,
"EU27","POP","TOT","MLN_PER","A","2020",447.7195545,
"EU27","POP","TOT","MLN_PER","A","2021",447.0382835,
